year,month,day,percent
2010,5,13,0
2010,5,14,40.18797376
2010,5,15,45.97589228
2010,5,16,52.66141744
2010,5,17,49.33602279
2010,5,18,47.7105063
2010,5,19,21.36236453
2010,5,20,18.28752085
2010,5,21,12.46630575
2010,5,22,7.117579589
2010,5,23,9.123297044
2010,5,24,10.15093619
2010,5,25,12.67809895
2010,5,26,18.11055176
2010,5,27,37.23683462
2010,5,28,45.04574456
2010,5,29,53.63757823
2010,5,31,53.05692742
2010,6,1,50.44539798
2010,6,3,44.03458151
2010,6,4,44.35591189
2010,6,6,45.15235148
2010,6,7,37.89988343
2010,6,8,23.41954707
2010,6,9,12.38182581
2010,6,10,21.93274227
2010,6,11,33.99513993
2010,6,12,115.8361974
2010,6,13,64.40837593
2010,6,14,54.12101833
2010,6,15,49.68497227
2010,6,16,47.12330676
2010,6,17,34.04717565
2010,6,18,22.24214512
2010,6,19,20.59077188
2010,6,20,13.33530348
2010,6,21,15.04183898
2010,6,22,37.40512969
2010,6,23,23.43850253
2010,6,24,44.2664354
2010,6,25,51.24136581
2010,6,26,64.64227685
2010,6,27,67.85122362
2010,6,28,139.11087
2010,6,29,71.09613989
2010,6,30,67.1529097
2010,7,1,59.6955642
2010,7,2,59.78429025
2010,7,3,48.89852246
2010,7,5,21.26541908
2010,7,6,38.4201846
2010,7,7,12.8421841
2010,7,8,23.37348425
2010,7,9,28.70220391
2010,7,10,31.42665364
2010,7,11,62.61337195
2010,7,12,30.83506974
2010,7,13,29.97431559
2010,7,14,60.8946801
2010,7,15,28.01862003
2010,7,16,22.38236388
2010,7,17,14.25842365
2010,7,18,12.4777242
2010,7,19,13.69499523
2010,7,20,13.37817884
2010,7,21,16.27481122
2010,7,22,19.66167823
2010,7,23,33.14220998
2010,7,24,42.75307389
2010,7,25,46.27737645
2010,7,26,51.12268868
2010,7,28,58.63103156
2010,7,29,63.61142805
2010,7,30,53.90683008
2010,7,31,44.81561179
2010,8,1,28.42518772
2010,8,2,22.71810777
2010,8,3,15.87583908
2010,8,4,21.62515871
2010,8,5,17.31999998
2010,8,6,13.14878777
2010,8,7,14.29515892
2010,8,8,18.07169426
2010,8,9,25.22791488
2010,8,10,27.68669852
2010,8,11,25.19077113
2010,8,12,22.0945154
2010,8,13,16.90776381
2010,8,14,19.06771803
2010,8,15,16.2280489
2010,8,16,16.64743836
2010,8,17,16.62279166
2010,8,18,24.05701576
2010,8,19,29.20088589
2010,8,20,35.20093769
2010,8,21,38.90577977
2010,8,22,40.89062122
2010,8,23,44.86587734
2010,8,24,42.49454642
2010,8,25,83.78341253
2010,8,26,52.74848443
2010,8,27,56.0904422
2010,8,28,48.02048621
2010,8,29,71.5733615
2010,8,30,23.0683776
2010,8,31,30.17546732
2010,9,1,20.99942883
2010,9,2,13.12246863
2010,9,3,18.49550101
2010,9,4,25.64640388
2010,9,5,16.67652611
2010,9,6,17.52288966
2010,9,7,23.68608834
2010,9,8,11.47701817
2010,9,10,12.62489297
2010,9,11,12.61596046
2010,9,12,32.16550117
2010,9,13,12.50701165
2010,9,14,15.36839075
2010,9,15,20.52433509
2010,9,16,29.89947389
2010,9,17,36.19530411
2010,9,18,67.39530506
2010,9,19,34.07096583
2010,9,20,30.09519484
2010,9,21,31.07537662
2010,9,22,34.82329691
2010,9,23,38.96260463
2010,9,24,40.91963804
2010,9,25,37.96970451
2010,9,26,29.93060128
2010,9,27,24.69276813
2010,9,28,46.27594097
2010,9,29,19.51366519
2010,9,30,13.84811168
2010,10,1,14.37138242
2010,10,2,18.11428571
2010,10,3,19.99295235
2010,10,4,18.33488644
2010,10,5,17.01196361
2010,10,6,16.96993432
2010,10,7,12.05332359
2010,10,8,15.81776043
2010,10,9,26.22886673
2010,10,10,46.92559538
2010,10,11,16.5884132
2010,10,12,30.94316236
2010,10,13,0
2010,10,14,1.128072282
2010,10,15,1.725182233
2010,10,16,10.63327774
2010,10,17,17.75058768
2010,10,18,17.15415387
2010,10,19,25.585488
2010,10,20,29.24445366
2010,10,21,30.63711297
2010,10,22,27.46017103
2010,10,23,24.75667619
2010,10,24,23.27095577
2010,10,25,18.33149766
2010,10,26,18.67804972
2010,10,27,32.3700886
2010,10,28,35.54472615
2010,10,29,24.54873317
2010,10,30,20.27042108
2010,10,31,13.9461052
2010,11,1,17.95155366
2010,11,2,11.6151197
2010,11,3,13.64549762
2010,11,4,9.489622548
2010,11,5,0
2010,11,6,0
2010,11,7,18.41576358
2010,11,8,17.22723087
2010,11,9,16.35815156
2010,11,11,25.72528716
2010,11,12,18.72343506
2010,11,13,13.41882718
2010,11,14,16.04514613
2010,11,15,18.02834479
2010,11,16,20.13352655
2010,11,19,11.59873557
2010,11,20,8.983372742
2010,11,21,7.712627156
2010,11,22,7.631658489
2010,11,24,26.49027979
2010,11,25,29.51652192
2010,11,27,28.15207235
2010,11,28,31.27849775
2010,11,29,30.22509028
2010,11,30,24.32010187
2010,12,1,28.43018066
2010,12,2,31.75268332
2010,12,5,30.83866722
2010,12,6,30.52259071
2010,12,7,28.49311685
2010,12,8,26.74070862
2010,12,9,25.59829212
2010,12,10,27.27843376
2010,12,17,25.97274839
2010,12,18,23.94715941
2010,12,19,15.53454154
2010,12,21,8.500883619
2010,12,22,11.81447281
2010,12,23,11.40646345
2010,12,24,17.55592854
2011,1,1,50.62183872
2011,1,2,54.69330144
2011,1,3,54.64625298
2011,1,4,69.01146851
2011,1,5,71.02999563
2011,1,6,53.43755165
2011,1,7,41.31706417
2011,1,8,39.03762466
2011,1,9,52.36737514
2011,1,10,51.71984506
2011,1,11,49.17655113
2011,1,12,52.52210776
2011,1,13,51.43478861
2011,1,14,52.37534762
2011,1,15,46.15559169
2011,1,16,45.25000098
2011,1,17,45.68637241
2011,1,18,30.67214532
2011,1,19,22.52497175
2011,1,20,18.38815464
2011,1,21,12.67299878
2011,1,22,9.041576322
2011,1,23,12.5702798
2011,1,24,22.06262726
2011,1,25,23.29559967
2011,1,26,23.89917931
2011,1,27,29.36278849
2011,1,28,33.81597336
2011,1,29,46.05187819
2011,1,30,57.62121209
2011,1,31,76.04962458
2011,2,1,76.36462039
2011,2,2,78.2625442
2011,2,3,75.13070479
2011,2,4,66.39573584
2011,2,5,53.46916092
2011,2,6,36.79623692
2011,2,7,45.4151455
2011,2,8,54.34315179
2011,2,9,58.63823552
2011,2,10,58.16313195
2011,2,11,64.88661577
2011,2,12,70.31001773
2011,2,13,75.77431908
2011,2,14,143.6162591
2011,2,15,128.387246
2011,2,16,57.48049232
2011,2,17,50.53431987
2011,2,18,44.34449852
2011,2,19,29.77011527
2011,2,20,51.36179343
2011,2,21,25.21973064
2011,2,22,19.42807193
2011,2,23,15.55632151
2011,2,24,19.57867721
2011,2,25,25.13201772
2011,2,26,38.1255491
2011,2,27,49.34030083
2011,2,28,56.79030707
2011,3,1,57.00560397
2011,3,2,57.0720201
2011,3,3,62.16492594
2011,3,4,38.78126119
2011,3,5,58.68271627
2011,3,6,55.5660916
2011,3,7,58.42021186
2011,3,8,42.12410932
2011,3,9,62.45346599
2011,3,10,68.23776749
2011,3,11,76.83776913
2011,3,12,78.74462877
2011,3,13,71.80032677
2011,3,14,68.62904827
2011,3,15,66.23640131
2011,3,16,59.42198463
2011,3,17,63.39572522
2011,3,20,63.21747655
2011,3,21,62.84704315
2011,3,22,56.56013908
2011,3,23,47.98612374
2011,3,24,39.92000535
2011,3,25,35.69834016
2011,3,26,38.43471297
2011,3,27,32.80591071
2011,3,28,27.82650105
2011,3,29,22.76158973
2011,3,30,19.82018654
2011,3,31,25.45832466
2011,4,1,23.26906447
2011,4,2,23.21086995
2011,4,3,22.13576342
2011,4,4,27.08029498
2011,4,5,2.90590821
2011,4,6,0.7826764926
2011,4,7,51.94745484
2011,4,8,56.74351166
2011,4,9,56.11822923
2011,4,10,57.72390785
2011,4,11,63.22444775
2011,4,12,58.33759567
2011,4,13,72.59277438
2011,4,14,87.2386135
2011,4,15,89.2884634
2011,4,16,95.55491888
2011,4,17,92.04362232
2011,4,18,86.56354844
2011,4,19,161.0454644
2011,4,20,63.2126381
2011,4,21,109.9856491
2011,4,22,51.91339842
2011,4,23,82.81806141
2011,4,24,68.87027849
2011,4,25,50.48499048
2011,4,26,47.20256236
2011,4,27,20.74019754
2011,4,28,20.63760253
2011,4,29,25.44858809
2011,4,30,24.1713004
2011,5,1,29.59517248
2011,5,2,26.57739888
2011,5,3,27.40968814
2011,5,4,37.11441681
2011,5,5,41.53947501
2011,5,6,43.08036171
2011,5,7,29.12622265
2011,5,8,31.59096979
2011,5,9,38.40062964
2011,5,10,52.74368966
2011,5,11,58.32321675
2011,5,12,72.68485123
2011,5,13,73.48844296
2011,5,14,73.0141202
2011,5,15,64.14031424
2011,5,16,54.71915438
2011,5,17,52.70607422
2011,5,18,48.73792874
2011,5,19,40.49490969
2011,5,20,34.79310279
2011,5,21,66.60461609
2011,5,22,31.2173114
2011,5,23,24.04461782
2011,5,24,24.10064108
2011,5,25,20.66988525
2011,5,26,14.030049
2011,5,27,19.19504108
2011,5,28,22.40853875
2011,5,29,46.43071852
2011,5,30,33.1536387
2011,5,31,42.24130411
2011,6,1,47.06810847
2011,6,2,101.5351711
2011,6,3,39.44651561
2011,6,4,31.27282463
2011,6,5,12.97051583
2011,6,6,8.403780043
2011,6,7,17.61110337
2011,6,8,28.63811922
2011,6,9,36.20558391
2011,6,10,35.57563643
2011,6,11,35.24541905
2011,6,12,29.60797658
2011,6,13,33.67005651
2011,6,14,27.83093596
2011,6,15,17.4559481
2011,6,16,18.42913268
2011,6,17,31.52703087
2011,6,18,24.55642424
2011,6,19,19.90190489
2011,6,20,18.45007928
2011,6,21,17.22052144
2011,6,22,19.04362959
2011,6,23,19.93329762
2011,6,24,33.7405018
2011,6,25,29.11376692
2011,6,26,31.01189491
2011,6,27,38.80312036
2011,6,28,37.09871895
2011,6,29,41.42791507
2011,6,30,39.34926522
2011,7,1,34.99984296
2011,7,2,23.24370788
2011,7,3,30.88009899
2011,7,4,22.33439376
2011,7,5,34.24587757
2011,7,6,25.98745443
2011,7,7,31.12296895
2011,7,8,31.30762667
2011,7,9,30.23193747
2011,7,10,26.62747686
2011,7,11,22.21795798
2011,7,12,20.09985273
2011,7,13,43.70296309
2011,7,14,78.43764093
2011,7,15,99.00088588
2011,7,16,103.5512775
2011,7,17,102.6044765
2011,7,18,81.2518736
2011,7,19,64.09632897
2011,7,20,29.03454808
2011,7,21,33.81789624
2011,7,22,13.42666651
2011,7,23,24.73415269
2011,7,24,51.84251977
2011,7,25,68.06696502
2011,7,26,62.19505396
2011,7,27,31.46418424
2011,7,28,35.08631232
2011,7,29,29.48832535
2011,7,30,27.75192424
2011,7,31,10.61238078
2011,8,1,6.330742122
2011,8,2,10.62111309
2011,8,3,19.69061757
2011,8,4,22.00031524
2011,8,5,24.17468013
2011,8,6,26.84338611
2011,8,7,15.32263682
2011,8,8,7.806896397
2011,8,9,13.10489989
2011,8,10,24.19870256
2011,8,11,61.21373076
2011,8,12,64.1800819
2011,8,13,57.29061323
2011,8,14,51.81921864
2011,8,15,50.98255452
2011,8,16,23.76454483
2011,8,17,23.07789804
2011,8,18,23.62470722
2011,8,19,23.92686677
2011,8,20,29.7208868
2011,8,21,74.16243946
2011,8,22,75.13727031
2011,8,23,32.42962342
2011,8,24,34.18147767
2011,8,25,35.86968831
2011,8,26,37.13799681
2011,9,2,60.9080288
2011,9,3,46.99313563
2011,9,4,49.39289351
2011,9,5,22.00650898
2011,9,6,26.13180003
2011,9,7,31.41795135
2011,9,8,31.00431833
2011,9,9,26.98197011
2011,9,10,23.44657516
2011,9,11,29.56857888
2011,9,12,59.61986197
2011,9,13,26.77985214
2011,9,14,21.30205532
2011,9,15,17.27705085
2011,9,16,12.75928086
2011,9,17,23.67074519
2011,9,18,29.27760266
2011,9,19,26.73335288
2011,9,20,26.10289905
2011,9,21,26.20496647
2011,9,22,47.61662136
2011,9,23,0
2011,9,24,0
2011,9,25,32.03467872
2011,9,26,32.00638831
2011,9,27,64.93533455
2011,9,28,30.25419619
2011,9,29,29.75660154
2011,9,30,25.74473921
2011,10,1,49.02847235
2011,10,2,42.24936844
2011,10,3,42.45779049
2011,10,4,24.77479123
2011,10,5,27.31778949
2011,10,6,23.22463297
2011,10,7,41.02740348
2011,10,8,39.80516589
2011,10,9,33.96615742
2011,10,10,51.92293221
2011,10,11,29.73938982
2011,10,12,21.41788378
2011,10,13,4.837142956
2011,10,14,2.922476158
2011,10,15,11.69914617
2011,10,16,7.360118374
2011,10,17,8.681894713
2011,10,18,9.567835783
2011,10,19,14.38786503
2011,10,20,15.93166204
2011,10,21,14.04926091
2011,10,22,27.14175366
2011,10,23,21.23865396
2011,10,25,25.54749443
2011,10,26,33.17096923
2011,10,27,26.64315238
2011,10,28,28.63986962
2011,10,29,34.21839015
2011,10,30,44.63284072
2011,10,31,99.18091801
2011,11,1,60.41441415
2011,11,2,57.63769037
2011,11,3,56.08190316
2011,11,4,39.89118626
2011,11,5,79.47264945
2011,11,6,40.2896066
2011,11,7,33.99477833
2011,11,8,17.96367787
2011,11,9,13.87398683
2011,11,10,7.876124729
2011,11,11,17.95185534
2011,11,12,9.777894594
2011,11,13,14.66463527
2011,11,14,19.12354706
2011,11,15,20.08806962
2011,11,16,14.73196742
2011,11,17,8.417983678
2011,11,18,10.94369142
2011,11,19,5.247030975
2011,11,20,3.928279176
2011,11,21,2.535852246
2011,11,22,7.743185353
2011,11,23,14.57943442
2011,11,24,20.37559858
2011,11,25,49.79908755
2011,11,26,65.336523
2011,11,28,68.20344854
2011,11,29,76.48832342
2011,11,30,75.72590302
2011,12,1,73.98808337
2011,12,2,73.08980266
2011,12,3,77.76168893
2011,12,4,58.59208677
2011,12,5,42.77860361
2011,12,6,26.36873589
2011,12,7,16.64048282
2011,12,8,16.68486
2011,12,9,16.59413859
2011,12,10,18.02039091
2011,12,11,17.15601008
2011,12,12,21.46628538
2011,12,13,12.86349054
2011,12,14,11.77128656
2011,12,15,21.63053852
2011,12,16,10.4928007
2011,12,17,8.932712575
2011,12,18,8.700377859
2011,12,19,8.546535041
2011,12,20,6.691169261
2011,12,21,3.774187225
2011,12,22,20.254778
2011,12,23,69.69064072
2011,12,24,79.07975452
2011,12,25,76.89124371
2011,12,26,179.9078453
2011,12,27,188.216073
2011,12,28,98.44121278
2011,12,29,105.1621402
2011,12,30,102.4007261
2011,12,31,87.97349483
2012,1,1,75.14660719
2012,1,2,60.60177067
2012,1,3,46.13980427
2012,1,5,32.30012783
2012,1,6,33.7339866
2012,1,7,26.71714678
2012,1,10,21.30524455
2012,1,16,8.269471218
2012,1,17,3.48965514
2012,1,18,3.97037757
2012,1,19,2.462226667
2012,1,20,13.96757647
2012,1,21,50.63532725
2012,1,22,77.4042562
2012,1,23,88.08761471
2012,1,24,100.4838666
2012,1,25,100.702268
2012,1,26,100.6506787
2012,1,27,104.8524776
2012,1,28,93.61247557
2012,1,29,92.41682405
2012,2,4,30.11503531
2012,2,5,29.41094881
2012,2,6,37.64493631
2012,2,7,39.56203936
2012,2,8,42.03525774
2012,2,9,34.33376971
2012,2,10,26.45492274
2012,2,11,20.52338013
2012,2,12,15.96523835
2012,2,13,27.48269914
2012,2,14,36.41205281
2012,2,15,30.70755396
2012,2,16,32.26246598
2012,2,17,39.38509445
2012,2,18,38.5830209
2012,2,19,41.23137021
2012,2,20,47.7140222
2012,2,21,55.52170438
2012,2,22,65.42722959
2012,2,23,72.92984497
2012,2,24,77.49042535
2012,2,25,67.4556786
2012,2,26,66.06029127
2012,2,27,60.66921498
2012,2,28,48.22662689
2012,2,29,42.91715992
2012,3,1,40.33592026
2012,3,2,40.22403757
2012,3,3,48.76366512
2012,3,4,51.99208886
2012,3,5,47.07465907
2012,3,6,40.54897911
2012,3,7,47.62886135
2012,3,8,38.78699571
2012,3,9,42.78170198
2012,3,10,46.76326723
2012,3,11,46.0543222
2012,3,12,55.59163256
2012,3,13,62.60032476
2012,3,14,58.46892319
2012,3,15,51.66545839
2012,3,16,46.08138791
2012,3,17,36.56505734
2012,3,18,25.0866799
2012,3,19,15.58015344
2012,3,20,22.7987257
2012,3,21,23.98540897
2012,3,22,31.41580268
2012,3,23,52.90989466
2012,3,24,54.73229836
2012,3,25,49.52068382
2012,3,26,49.25826309
2012,3,27,46.3465634
2012,3,28,0
2012,3,29,36.56711928
2012,3,30,34.65214791
2012,3,31,31.18824289
2012,4,1,48.1917619
2012,4,2,47.22427355
2012,4,3,36.23878867
2012,4,4,32.4315133
2012,4,5,33.08796099
2012,4,6,44.83520466
2012,4,7,51.04055852
2012,4,8,56.26217596
2012,4,9,44.66930476
2012,4,10,46.67908308
2012,4,11,44.98300131
2012,4,12,32.8026934
2012,4,13,27.99209846
2012,4,14,16.54302108
2012,4,15,13.67159933
2012,4,16,12.36798002
2012,4,17,15.85897179
2012,4,18,17.80896814
2012,4,19,17.54765842
2012,4,20,14.55329741
2012,4,21,19.87268718
2012,4,22,27.07353435
2012,4,23,20.71549721
2012,4,24,22.28885129
2012,4,25,24.08639402
2012,4,27,38.23256453
2012,4,29,37.13795439
2012,5,3,41.67192118
2012,5,5,44.42447782
2012,5,6,57.82696508
2012,5,7,53.6893484
2012,5,8,44.78688367
2012,5,11,26.69015445
2012,5,12,16.50510046
2012,5,20,13.17075241
2012,5,21,19.2161444
2012,5,22,20.3057998
2012,5,23,29.22376692
2012,5,24,18.98807947
2012,5,25,48.3033491
2012,5,26,58.71031264
2012,5,27,57.77123218
2012,5,28,53.18435366
2012,5,29,54.84694578
2012,6,2,80.41817054
2012,6,3,64.16997076
2012,6,4,49.33206235
2012,6,5,39.140186
2012,6,6,30.53170013
2012,6,7,23.8646241
2012,6,8,27.6005009
2012,6,9,26.91591819
2012,6,10,20.23095911
2012,6,11,20.2949942
2012,6,12,14.51398639
2012,6,13,10.00841056
2012,6,14,1.016631205
2012,6,15,0
2012,7,16,13.03074239
2012,7,17,26.62270889
2012,7,18,33.03880445
2012,7,19,30.39625011
2012,7,20,26.49893258
2012,7,21,32.60447898
2012,7,22,31.03990164
2012,7,23,33.16078772
2012,7,24,33.84761997
2012,7,25,30.88617745
2012,7,26,31.13286456
2012,7,28,36.05157206
2012,7,31,35.15499265
2012,8,2,12.52065649
2012,8,6,23.93712026
2012,8,7,22.89425644
2012,8,8,23.10424674
2012,8,9,7.451284148
2012,8,10,7.461546693
2012,8,11,12.73292598
2012,8,12,22.22757653
2012,8,13,22.52345788
2012,8,14,27.83729461
2012,8,15,28.6990006
2012,8,16,24.64509816
2012,8,17,20.84899651
2012,8,18,22.86553041
2012,8,20,28.37795126
2012,8,21,26.37051504
2012,8,24,28.02920588
2012,8,27,26.33544768
2012,8,29,16.23079777
2012,9,6,11.6606243
2012,9,10,22.30978337
2012,9,13,32.26384897
2012,9,15,28.92681113
2012,9,16,37.7512351
2012,9,17,28.69322136
2012,9,18,29.4352154
2012,9,20,32.74772011
2012,9,21,29.00047435
2012,9,24,10.68128755
2012,9,25,13.20990136
2012,9,28,34.45004635
2012,9,29,28.00590143
2012,9,30,22.28960588
2012,10,1,20.1525289
2012,10,4,23.36616069
2012,10,5,19.64644345
2012,10,6,21.67829199
2012,10,7,22.68271031
2012,10,8,21.47857179
2012,10,9,26.99153738
2012,10,10,25.28308041
2012,10,11,26.60442681
2012,10,15,57.3373001
2012,10,16,50.92701103
2012,10,18,23.85938901
2012,10,24,32.7990117
2012,10,25,0
2012,10,26,40.14059741
2012,10,27,40.42639666
2012,10,28,27.39663471
2012,10,29,17.70045351
2012,10,30,26.01958626
2012,10,31,26.3752154
2012,11,1,21.88443381
2012,11,2,29.91581015
2012,11,3,16.97572702
2012,11,4,14.78332001
2012,11,5,13.25463715
2012,11,6,18.35297176
2012,11,7,15.24598891
2012,11,8,19.93096437
2012,11,9,16.09531676
2012,11,10,21.75494211
2012,11,11,27.42814116
2012,11,12,35.66717294
2012,11,13,28.9218358
2012,11,14,30.73033827
2012,11,15,31.49649651
2012,11,16,28.34574165
2012,11,17,21.91669655
2012,11,21,32.61132745
2012,11,23,38.74435144
2012,11,24,37.24991423
2012,11,25,44.24528145
2012,11,27,20.92202047
2012,11,28,31.32051816
2012,11,29,20.87382916
2012,11,30,14.71650898
2012,12,1,13.21456137
2012,12,2,5.320454657
2012,12,3,4.684765107
2012,12,4,7.478272512
2012,12,6,23.10499166
2012,12,7,20.26784924
2012,12,8,23.62174075
2012,12,9,31.36871539
2012,12,10,35.07642989
2012,12,11,38.67973727
2012,12,14,41.63083797
2012,12,15,32.87328796
2012,12,17,37.03888092
2012,12,18,30.43291628
2012,12,19,23.9357599
2012,12,20,19.16560935
2012,12,21,16.62303458
2012,12,23,13.54020015
2012,12,24,19.75730752
2012,12,26,26.38454843
2012,12,27,20.42569117
2012,12,28,26.52525112
2012,12,29,19.09806238
2012,12,30,12.17116883
2012,12,31,9.114479448
2013,1,1,11.80208558
2013,1,5,34.20782233
2013,1,6,41.10180672
2013,1,7,41.92056533
2013,1,8,46.48119279
2013,1,9,39.27707411
2013,1,10,39.76827902
2013,1,13,33.80679182
2013,1,14,28.70562837
2013,1,15,22.44900538
2013,1,16,17.63550065
2013,1,17,22.20801327
2013,1,18,24.1230624
2013,1,19,17.54441773
2013,1,21,20.19736347
2013,1,22,27.90839123
2013,1,23,32.46236211
2013,1,24,21.41884042
2013,1,25,19.71658722
2013,1,26,16.5639632
2013,1,27,12.04975402
2013,1,28,10.54095234
2013,1,29,12.76772082
2013,1,30,24.92210197
2013,1,31,35.12667284
2013,2,1,54.61020089
2013,2,2,73.48185549
2013,2,3,71.95744986
2013,2,4,69.90140174
2013,2,5,52.84603876
2013,2,6,50.84437796
2013,2,7,48.92282795
2013,2,8,53.69261323
2013,2,9,55.13729654
2013,2,10,54.02944854
2013,2,11,50.13321615
2013,2,12,44.41959528
2013,2,13,47.48664943
2013,2,14,50.47338198
2013,2,15,50.26099161
2013,2,16,33.08582944
2013,2,17,35.13032182
2013,2,18,32.82774716
2013,2,19,36.52861016
2013,2,20,30.02380893
2013,2,21,30.57267035
2013,2,22,21.96273308
2013,2,23,30.33919254
2013,2,24,31.90418094
2013,2,25,41.50826294
2013,2,26,31.73885759
2013,2,27,34.03939572
2013,2,28,33.91063737
2013,3,1,45.58553956
2013,3,2,56.51183985
2013,3,3,63.41500489
2013,3,4,67.51494752
2013,3,5,69.51589257
2013,3,6,66.44351376
2013,3,7,71.93533645
2013,3,8,75.93405642
2013,3,9,74.54079997
2013,3,10,54.07027747
2013,3,11,57.74001169
2013,3,12,63.84296913
2013,3,13,55.42387837
2013,3,14,46.2959243
2013,3,15,37.34070321
2013,4,2,52.46611021
2013,4,3,61.07754599
2013,4,4,57.42577259
2013,4,5,58.73166805
2013,4,6,59.10100381
2013,4,7,52.90459504
2013,4,8,63.68194934
2013,4,9,38.42512608
2013,4,10,43.6271864
2013,4,11,28.51583281
2013,4,12,31.95063783
2013,4,13,23.4831991
2013,4,14,21.24616091
2013,4,15,22.81835532
2013,4,16,25.79517469
2013,4,17,39.69024985
2013,4,18,49.3977914
2013,4,19,67.91129425
2013,4,20,69.4275419
2013,4,21,64.79729954
2013,4,22,64.16732047
2013,4,23,57.9537724
2013,4,24,56.12140435
2013,4,25,43.12783817
2013,4,26,37.16708882
2013,4,27,49.87549169
2013,4,28,30.24867665
2013,4,29,31.75754392
2013,4,30,0
2013,5,1,27.81297425
2013,5,2,27.05285057
2013,5,3,31.14769818
2013,5,4,40.57004374
2013,5,5,37.8367982
2013,5,6,34.01778688
2013,5,7,40.94450222
2013,5,8,36.53081074
2013,5,9,30.5614713
2013,5,10,33.79264008
2013,5,11,46.64124486
2013,5,12,42.84075259
2013,5,13,19.28599379
2013,5,14,18.06163204
2013,5,15,20.59590618
2013,5,16,26.10753015
2013,5,17,20.29855481
2013,5,18,28.84067294
2013,5,19,54.02264172
2013,7,12,23.26202635
2013,7,13,50.8676419
2013,7,14,69.95000742
2013,7,15,66.61217369
2013,7,16,51.08899514
2013,7,17,48.28003152
2013,7,18,49.99595501
2013,7,19,64.65698161
2013,7,20,66.54574837
2013,7,21,68.70728982
2013,7,22,75.9511235
2013,7,23,56.43466702
2013,7,24,41.97727087
2013,7,25,25.43365171
2013,7,27,27.42504693
2013,7,28,33.07291758
2013,7,29,43.55883054
2013,7,30,48.51560404
2013,7,31,47.94415643
2013,8,1,43.31283436
2013,8,2,36.65868045
2013,8,3,44.941901
2013,8,6,26.40775038
2013,8,7,20.78004915
2013,8,8,7.270762016
2013,8,9,24.46142841
2013,8,12,59.33578207
2013,8,15,53.71686909
2013,8,16,57.06518218
2013,8,17,59.96304342
2013,8,18,53.43533048
2013,8,19,55.90955008
2013,8,20,44.42273635
2013,8,21,26.68179316
2013,8,22,27.05587878
2013,8,23,25.83246288
2013,8,24,37.2897148
2013,8,25,45.14589754
2013,8,26,31.12787513
2013,8,27,33.13305065
2013,8,28,29.34214462
2013,8,29,35.27208572
2013,8,30,39.16617421
2013,8,31,37.60224297
2013,9,1,35.50665686
2013,9,2,36.49459425
2013,9,3,32.58991813
2013,9,4,35.44204837
2013,9,7,57.6449578
2013,9,8,51.43585448
2013,9,9,44.29637848
2013,11,1,31.75579984
2013,11,2,34.06599022
2013,11,10,50.52792932
2013,11,11,86.34923355
2013,11,12,79.95226788
2013,11,13,57.88979832
2013,11,14,61.56743097
2013,11,15,69.14550243
2013,11,16,46.34069914
2013,11,17,47.41768638
2013,11,18,35.23661672
2013,11,19,31.39461455
2013,11,20,25.14521143
2013,11,21,20.1899112
2013,11,22,25.3917075
2013,11,23,33.5392678
2013,11,24,40.79328683
2013,11,25,67.56068732
2013,11,26,43.56232146
2013,11,27,57.33974991
2013,11,28,33.25945253
2013,11,29,17.28621211
2013,11,30,32.42214164
2013,11,25,4.363636364
2013,11,26,4
2013,12,1,16.32713751
2013,12,2,17.72377974
2013,12,3,15.845806
2013,12,4,35.06151965
2013,12,5,47.03048546
2013,12,6,44.87970973
2013,12,7,51.07327166
2013,12,8,76.81241194
2013,12,9,85.09064516
2013,12,10,77.84596577
2013,12,13,59.84637218
2013,12,14,59.59779888
2013,12,15,47.84478073
2013,12,16,38.71852793
2013,12,17,28.66696209
2013,12,18,24.57944076
2013,12,19,44.65013718
2013,12,20,59.40427138
2013,12,21,60.45303552
2013,12,22,64.27651676
2013,12,23,56.35477576
2013,12,24,70.92401521
2013,12,25,61.79125746
2013,12,26,56.25976878
2013,12,27,41.04152726
2013,12,28,30.6558455
2013,12,29,31.55595707
2013,12,30,23.41416485
2013,12,31,23.80663741
2013,12,1,11.29166667
2013,12,2,15
2013,12,3,13.125
2013,12,4,10.16666667
2013,12,5,13.20833333
2013,12,6,25
2013,12,7,10.47058824
2013,12,8,18.875
2013,12,9,34.25
2013,12,10,35.54285714
2013,12,11,49.22857143
2013,12,12,73.95833333
2013,12,13,60.41666667
2013,12,14,43.66666667
2013,12,15,35
2013,12,16,8.857142857
2013,12,18,4.666666667
2013,12,19,7
2013,12,20,13.07317073
2013,12,21,21.69047619
2013,12,22,20.0625
2013,12,23,15.4137931
2013,12,24,34.13793103
2013,12,25,16.23809524
2013,12,26,6.037037037
2013,12,27,15.60869565
2013,12,28,26.625
2013,12,29,23.63636364
2013,12,30,33.15
2014,1,3,5
2014,1,8,33
2014,1,9,34.1875
2014,1,10,49.24242424
2014,1,11,57.94444444
2014,1,13,11.52
2014,1,14,10.18181818
2014,1,15,8.2
2014,1,16,17.29166667
2014,1,17,21.95833333
2014,1,18,23.08333333
2014,1,19,21.70833333
2014,1,20,19.66666667
2014,1,21,12.56
2014,1,22,7.25
2014,1,23,11.45833333
2014,1,24,8
2014,2,2,6
2014,2,3,15.54166667
2014,2,4,35.375
2014,2,5,42.54166667
2014,2,6,26.20588235
2014,2,7,16.68181818
2014,2,8,12.4375
2014,2,9,10.25925926
2014,2,10,8.12244898
2014,2,11,16.55172414
2014,2,12,21.25
2014,2,13,22
2014,2,14,20.08333333
2014,2,15,16.22580645
2014,2,16,9.348837209
2014,2,17,8.142857143
2014,2,18,6.515151515
2014,2,19,7.882352941
2014,2,20,5.4
2014,2,22,6.909090909
2014,2,23,10.91666667
2014,2,24,13.29166667
2014,2,25,10.125
2014,2,26,6.909090909
2014,2,27,10
2014,3,2,10
2014,3,3,21.91666667
2014,3,4,26.87179487
2014,3,5,27.86666667
2014,3,6,29.22916667
2014,3,7,23.82608696
2014,3,8,21.21052632
2014,3,9,16.2
2014,3,10,14.11764706
2014,3,11,14.07317073
2014,3,12,14.89130435
2014,3,13,16.89583333
2014,3,14,17.04444444
2014,3,15,12.42857143
2014,3,16,9.578947368
2014,3,17,6.25
2014,3,20,4.833333333
2014,3,21,4.666666667
2014,3,24,7
2014,3,25,5.916666667
2014,3,26,5
2014,3,27,4
2014,3,28,4
2014,4,1,4.333333333
2014,4,2,5.230769231
2014,4,5,9
2014,4,6,16.97222222
2014,4,7,26.91304348
2014,4,8,30.47368421
2014,4,9,32.66666667
2014,4,10,32.39583333
2014,4,11,32.76923077
2014,4,12,43.70833333
2014,4,13,33.91666667
2014,4,14,22.0625
2014,4,15,4.916666667
2014,4,16,5.5
2014,4,20,4.5
2014,4,23,5
2014,4,24,5.666666667
2014,4,25,6.888888889
2014,4,26,4.647058824
2014,5,4,24.6
2014,5,5,29.95833333
2014,5,6,37.9
2014,5,7,42.75
2014,5,8,42.43478261
2014,5,9,40.08333333
2014,5,10,35.29166667
2014,5,11,23.96153846
2014,5,12,13.4
2014,5,16,5.6
2014,5,17,10.47619048
2014,5,18,6
2014,5,19,5
2014,5,21,5
2014,5,22,8.75
2014,5,23,12.14285714
2014,5,24,10.33333333
2014,5,25,9
2014,5,26,7.285714286
2014,5,30,4.058823529
2014,6,1,5.333333333
2014,6,2,17.82608696
2014,6,3,19.8
2014,6,4,35.125
2014,6,5,40.04166667
2014,6,6,29
2014,6,7,17.75
2014,6,8,8.625
2014,6,10,5.625
2014,6,11,4.6
2014,6,12,4
2014,6,13,5
2014,6,14,6.08
2014,6,15,5.733333333
2014,6,16,5.294117647
2014,6,17,5.714285714
2014,6,21,5
2014,6,22,6.263157895
2014,6,23,9.166666667
2014,6,24,8.311111111
2014,6,25,7.864864865
2014,6,26,6.291666667
2014,6,27,8.791666667
2014,6,28,17.63157895
2014,6,29,13.16
2014,7,1,4.222222222
2014,7,2,4.222222222
2014,7,3,8
2014,7,4,4.2
2014,7,5,4.958333333
2014,7,6,4.857142857
2014,7,7,9
2014,7,8,14
2014,7,9,6.6
2014,7,11,14.66666667
2014,7,13,7.777777778
2014,7,14,17.22222222
2014,7,15,22.13793103
2014,7,16,24.48484848
2014,7,17,24.625
2014,7,18,14.61290323
2014,7,19,5
2014,7,22,7.090909091
2014,7,23,7.731707317
2014,7,24,10.125
2014,7,25,9.128205128
2014,7,26,7.826086957
2014,7,27,5
2014,7,30,4.666666667
2014,8,1,6.379310345
2014,8,2,17.05263158
2014,8,3,24.31578947
2014,8,4,37.9047619
2014,8,5,34.15151515
2014,8,6,20.92592593
2014,8,7,10.80952381
2014,8,8,8.419354839
2014,8,9,4.666666667
2014,8,10,7.53125
2014,8,11,10.69767442
2014,8,12,18
2014,8,13,17.56521739
2014,8,14,14.125
2014,8,15,9.24137931
2014,8,16,7.363636364
2014,8,17,6
2014,8,18,5.375
2014,8,20,5
2014,8,21,5
2014,8,22,6
2014,8,23,6.285714286
2014,8,24,5
2014,8,25,6.714285714
2014,8,26,11
2014,8,27,11.02702703
2014,8,28,10.93220339
2014,8,29,11.64814815
2014,8,30,13.63636364
2014,9,1,25.10526316
2014,9,2,25.125
2014,9,3,15.66666667
2014,9,4,11.73529412
2014,9,5,14.14814815
2014,9,6,12.625
2014,9,7,13.72413793
2014,9,8,8.714285714
2014,9,9,10.5
2014,9,10,9.315789474
2014,9,11,12.88888889
2014,9,12,13.90909091
2014,9,13,15.5
2014,9,14,12.34615385
2014,9,15,24.36842105
2014,9,16,33.27272727
2014,9,17,15.25
2014,9,18,9.333333333
2014,9,19,8.56
2014,9,20,9.042553191
2014,9,21,11.6875
2014,9,22,10.125
2014,9,23,10.93103448
2014,9,24,8.034482759
2014,9,25,6.44
2014,9,26,16.6
2014,9,27,15.84375
2014,9,28,16.4
2014,9,29,19.36842105
2014,10,1,14.84313725
2014,10,2,17.22916667
2014,10,3,20.8
2014,10,4,25.65217391
2014,10,5,19.95652174
2014,10,6,12.27272727
2014,10,7,4
2014,10,8,25.2173913
2014,10,9,27.06060606
2014,10,10,34.58333333
2014,10,11,32.36585366
2014,10,12,44.45833333
2014,10,13,37.76923077
2014,10,14,9.6
2014,10,15,10
2014,10,16,10.3
2014,10,17,11.9787234
2014,10,18,11.0754717
2014,10,19,9.388888889
2014,10,20,7.4375
2014,10,21,6.185185185
2014,10,24,5.263157895
2014,10,25,12.54166667
2014,10,26,20.94736842
2014,10,27,24.60869565
2014,10,28,22.76744186
2014,10,29,18.73611111
2014,10,30,22.81538462
2014,11,1,17.63768116
2014,11,2,27.75
2014,11,4,34.8
2014,11,5,44.55555556
2014,11,6,47.91666667
2014,11,7,46.9
2014,11,8,55.60714286
2014,11,9,63.75
2014,11,10,37.11627907
2014,11,11,34.45833333
2014,11,12,34.58536585
2014,11,13,34.8
2014,11,14,30.27906977
2014,11,15,25.95833333
2014,11,16,19.45833333
2014,11,17,12.65789474
2014,11,18,5.625
2014,11,20,7.5
2014,11,21,9.666666667
2014,11,22,20.125
2014,11,23,23.6
2014,11,24,14.15555556
2014,11,25,15.1
2014,11,26,22.19047619
2014,11,27,27.02083333
2014,11,28,29.51111111
2014,11,29,29.30232558
2014,12,1,54.58333333
2014,12,2,66.91666667
2014,12,3,81.75
2014,12,4,85.41666667
2014,12,5,84.58333333
2014,12,6,78.39130435
2014,12,7,44.11428571
2014,12,8,26
2014,12,9,16.36231884
2014,12,10,16.44642857
2014,12,11,18.10416667
2014,12,12,14.72916667
2014,12,13,13.04166667
2014,12,14,8.35
2014,12,15,4.25
2014,12,16,4
2014,12,17,4
2014,12,18,9.125
2014,12,19,16.88888889
2014,12,20,5.666666667
2014,12,21,10.33333333
2014,12,22,16.5
2014,12,23,11.5
2014,12,24,17.76666667
2014,12,25,28.48387097
2014,12,26,34.8
2014,12,27,34.80952381
2014,12,28,46.51612903
2014,12,29,58.38709677
2014,12,30,70.07142857
2015,1,1,80.125
2015,1,2,75.04166667
2015,1,3,47.92857143
2015,1,4,44.77083333
2015,1,5,39.12962963
2015,1,6,28.765625
2015,1,7,22.67391304
2015,1,8,15.71428571
2015,1,9,22.16666667
2015,1,10,12
2015,1,11,7.583333333
2015,1,12,4.111111111
2015,1,13,6.125
2015,1,14,8.958333333
2015,1,15,8.594594595
2015,1,16,8.368421053
2015,1,17,6.965909091
2015,1,18,8.408163265
2015,1,19,30.66666667
2015,1,20,21.11111111
2015,1,21,12
2015,1,22,37.33333333
2015,1,23,39.5
2015,1,26,33.63157895
2015,1,27,64.95833333
2015,1,28,75.41666667
2015,1,29,83.95833333
2015,1,30,87.60869565
2015,2,1,81.29166667
2015,2,2,70.66666667
2015,2,3,48.41666667
2015,2,4,22.51428571
2015,2,5,8.307692308
2015,2,6,6.166666667
2015,2,7,6.9
2015,2,8,4.923076923
2015,2,9,7.655172414
2015,2,10,18.17241379
2015,2,11,21.83333333
2015,2,12,22.47058824
2015,2,13,14.86567164
2015,2,14,17.17647059
2015,2,15,20.05882353
2015,2,16,30
2015,2,17,27.95833333
2015,2,18,23.125
2015,2,19,13.78688525
2015,2,20,12.75
2015,2,21,9.916666667
2015,2,22,4.928571429
2015,2,23,20.61538462
2015,2,24,41
2015,2,25,58.6
2015,2,26,69.0625
2015,2,27,74.06666667
2015,3,1,39.4
2015,3,2,28.11111111
2015,3,3,25.95238095
2015,3,5,17.69230769
2015,3,6,12.83333333
2015,3,7,16.26530612
2015,3,8,14.27272727
2015,3,9,22.91666667
2015,3,10,22
2015,3,11,12.52
2015,3,12,9.036363636
2015,3,13,17.70769231
2015,3,14,37.27083333
2015,3,15,43.41304348
2015,3,16,44.92156863
2015,3,17,49.64583333
2015,3,18,36.06896552
2015,3,19,16.96666667
2015,3,20,15.87804878
2015,3,21,8.418604651
2015,3,22,5.333333333
2015,3,23,24.38095238
2015,3,24,43.45833333
2015,3,25,58.86956522
2015,3,26,62.16666667
2015,3,27,67.29166667
2015,3,28,40.57777778
2015,3,29,35.85294118
2015,3,30,57.13207547
2015,4,1,50.96153846
2015,4,2,34
2015,4,3,17.48148148
2015,4,4,11.53846154
2015,4,5,12
2015,4,6,9.548387097
2015,4,7,8.303030303
2015,4,8,11.34693878
2015,4,9,24.35135135
2015,4,10,53.70833333
2015,4,11,57.54166667
2015,4,12,60.16666667
2015,4,13,62
2015,4,14,30.43478261
2015,4,15,16.98550725
2015,4,16,13.71428571
2015,4,17,14.79310345
2015,4,18,12.03846154
2015,4,19,11.83333333
2015,4,20,7.931034483
2015,4,21,6.541666667
2015,4,22,10.21428571
2015,4,23,9.833333333
2015,4,24,6.8
2015,4,25,8.352941176
2015,4,26,9.428571429
2015,4,27,13.38461538
2015,4,28,20.1884058
2015,4,29,27.2
2015,5,1,17.63636364
2015,5,2,14.70491803
2015,5,3,19.5862069
2015,5,4,16.37037037
2015,5,5,12.26315789
2015,5,6,17.48
2015,5,7,21.57142857
2015,5,8,26.04347826
2015,5,9,27.02083333
2015,5,10,24.82608696
2015,5,11,16.16949153
2015,5,12,13.11320755
2015,5,13,16.29166667
2015,5,14,16.24
2015,5,15,13.33333333
2015,5,16,10.5
2015,5,17,10.69230769
2015,5,18,6.230769231
2015,5,20,7
2015,5,21,7.652173913
2015,5,22,13.15384615
2015,5,23,10.9516129
2015,5,24,16.36507937
2015,5,25,19.34722222
2015,5,26,14.44827586
2015,5,27,9.761904762
2015,5,29,6.545454545
2015,5,30,13.57142857
2015,6,1,7.857142857
2015,6,2,6.5
2015,6,3,12.5
2015,6,4,13.93103448
2015,6,5,13.41860465
2015,6,6,16.51851852
2015,6,7,16.87878788
2015,6,8,14.26923077
2015,6,9,8.67816092
2015,6,10,11.73584906
2015,6,11,14.88
2015,6,12,12.52173913
2015,6,13,5.631578947
2015,6,17,6.133333333
2015,6,18,7.318181818
2015,6,19,14.40540541
2015,6,20,16.76086957
2015,6,21,12.62
2015,6,22,16.075
2015,6,23,20.375
2015,6,24,25.1
2015,6,25,20.75
2015,6,26,12.28
2015,6,27,7.625
2015,6,28,4
2015,6,29,8.352941176
2015,7,1,25.41666667
2015,7,2,28.875
2015,7,3,24.14814815
2015,7,4,13.78
2015,7,5,12.35294118
2015,7,6,9.604166667
2015,7,7,11.45833333
2015,7,8,9.44
2015,7,9,5.653846154
2015,7,10,7.583333333
2015,7,11,5
2015,7,17,4.5
2015,7,18,8.617647059
2015,7,19,11.51724138
2015,7,20,15.93548387
2015,7,21,14.41666667
2015,7,22,9.944444444
2015,7,23,10.35416667
2015,7,24,7.897435897
2015,7,25,5.875
2015,7,26,4.2
2015,7,27,5
2015,7,28,6.531914894
2015,7,29,10.82608696
2015,7,30,12.48275862
2015,8,1,11.24242424
2015,8,2,6.461538462
2015,8,4,6
2015,8,5,4.5
2015,8,6,4
2015,8,9,5.2
2015,8,10,8.2
2015,8,11,10.88
2015,8,12,13.88
2015,8,13,13.12820513
2015,8,14,16.53125
2015,8,15,23.77777778
2015,8,16,30.6
2015,8,17,39.45652174
2015,8,18,42.04255319
2015,8,19,32.33333333
2015,8,20,32.875
2015,8,21,16.93877551
2015,8,22,10.4
2015,8,23,20.26666667
2015,8,24,15.82352941
2015,8,25,17.18965517
2015,8,26,24.91071429
2015,8,27,17.69892473
2015,8,28,18
2015,8,29,13.91566265
2015,8,30,12.4137931
2015,9,1,14.85416667
2015,9,2,25.125
2015,9,3,21
2015,9,4,13.67857143
2015,9,5,11.88888889
2015,9,6,13.12
2015,9,7,20.02083333
2015,9,8,33.775
2015,9,9,29.35135135
2015,9,10,45.25806452
2015,9,11,63.72916667
2015,9,12,66.0952381
2015,9,13,66
2015,9,14,37.61666667
2015,9,15,38.25
2015,9,16,34.73529412
2015,9,17,36.76
2015,9,18,15.08695652
2015,9,19,10.88
2015,9,20,12.60784314
2015,9,21,17.7254902
2015,9,22,20.11538462
2015,9,23,16.71929825
2015,9,24,14.6875
2015,9,25,6.086956522
2015,9,26,4.923076923
2015,9,27,6.916666667
2015,9,28,6.272727273
2015,10,1,19.17857143
2015,10,2,29.66666667
2015,10,3,40.41666667
2015,10,4,36.33333333
2015,10,5,37.43103448
2015,10,6,57.33333333
2015,10,7,71.83333333
2015,10,8,75.625
2015,10,9,82.81818182
2015,10,10,126.4
2015,10,11,147
2015,10,12,153.2857143
2015,10,13,117.3125
2015,10,14,103.7142857
2015,10,15,32.54385965
2015,10,16,12.19047619
2015,10,17,9.743589744
2015,10,18,11.64705882
2015,10,19,10
2015,10,20,11.14814815
2015,10,21,8.166666667
2015,10,22,4.75
2015,10,24,6.5
2015,10,25,12.71428571
2015,10,26,19.53846154
2015,10,27,15.06060606
2015,10,28,23.62857143
2015,10,29,30.875
2015,10,30,32.20833333
2015,11,1,30.37142857
2015,11,2,20.72222222
2015,11,3,38.48
2015,11,4,64.73809524
2015,11,5,121.4615385
2015,11,6,163.6
2015,11,7,132.2142857
2015,11,8,112.1923077
2015,11,9,69.5
2015,11,10,56.58333333
2015,11,11,29.91428571
2015,11,12,6
2015,11,13,7.709677419
2015,11,14,12.66666667
2015,11,15,14.25
2015,11,16,22.5
2015,11,17,23.125
2015,11,18,11.75
2015,11,19,4.666666667
2015,11,20,4.291666667
2015,11,21,9.117647059
2015,11,22,22.57692308
2015,11,23,13.97560976
2015,11,24,10.05555556
2015,11,25,13.88095238
2015,11,26,16.14893617
2015,11,27,17.86666667
2015,11,28,14.16666667
2015,11,29,17.15384615
2015,12,1,58.34285714
2015,12,2,51.77192982
2015,12,3,47.62318841
2015,12,4,67.07017544
2015,12,5,60.5
2015,12,6,49.33333333
2015,12,7,35.96
2015,12,8,35.95454545
2015,12,9,22.03030303
2015,12,10,20.36
2015,12,11,16.15517241
2015,12,12,22.34615385
2015,12,13,21.33333333
2015,12,14,18
2015,12,15,10.08333333
2015,12,16,4.833333333
2015,12,17,11.5
2015,12,18,18.90909091
2015,12,19,32.08333333
2015,12,20,41
2015,12,21,50
2015,12,22,53.64
2015,12,23,35.43478261
2015,12,24,31.70454545
2015,12,25,28.58333333
2015,12,26,30.65625
2015,12,27,72.05555556
2015,12,28,86.08695652
2015,12,29,95.69230769
2015,12,30,50.92727273
2016,1,1,58.54385965
2016,1,2,58.92982456
2016,1,3,61.14583333
2016,1,4,53.95833333
2016,1,5,48.27083333
2016,1,6,25.94594595
2016,1,7,16.10638298
2016,1,8,11.3030303
2016,1,9,8
2016,1,10,5.875
2016,1,11,4.285714286
2016,1,15,6
2016,1,16,21.52941176
2016,1,17,29.375
2016,1,18,23.02564103
2016,1,19,19.60377358
2016,1,20,24.65217391
2016,1,21,29.1875
2016,1,22,24.06521739
2016,1,23,54.13333333
2016,1,24,49.90243902
2016,1,25,38.82142857
2016,1,26,77.72
2016,1,27,61.91428571
2016,1,28,52.4
2016,1,29,32.85454545
2016,1,30,17.62222222
2016,2,1,28.95
2016,2,2,29.16666667
2016,2,3,6.625
2016,2,4,6.166666667
2016,2,5,5
2016,2,6,4.333333333
2016,2,7,4
2016,2,9,5
2016,2,10,9.791666667
2016,2,11,20.65217391
2016,2,12,37.25
2016,2,13,54.54166667
2016,2,14,64.66666667
2016,2,15,70.04166667
2016,2,16,55.05128205
2016,2,17,52.20833333
2016,2,18,52.6875
2016,2,19,40.73846154
2016,2,20,40.57575758
2016,2,21,33.57575758
2016,2,22,28.84810127
2016,2,23,25.20238095
2016,2,24,34.58461538
2016,2,25,38.33928571
2016,2,26,27.19402985
2016,2,27,12.65277778
2016,2,28,17.8125
2016,3,1,5.958333333
2016,3,2,8.16
2016,3,3,7.458333333
2016,3,4,6
2016,3,5,4.636363636
2016,3,6,5.416666667
2016,3,7,6.866666667
2016,3,8,7.733333333
2016,3,9,6.421052632
2016,3,10,8
2016,3,11,20.55555556
2016,3,12,42.20833333
2016,3,13,51.83333333
2016,3,14,35.3902439
2016,3,15,24
2016,3,16,24.78205128
2016,3,17,40.64583333
2016,3,18,41.90697674
2016,3,19,42.91489362
2016,3,20,39.16666667
2016,3,21,26.20588235
2016,3,22,26.54022989
2016,3,23,41.78333333
2016,3,24,61.66666667
2016,3,25,75.31034483
2016,3,26,50.16666667
2016,3,27,24.59090909
2016,3,28,7.272727273
2016,3,29,7
2016,3,30,6
2016,4,1,8.30952381
2016,4,2,9.564705882
2016,4,3,7.47826087
2016,4,4,6.777777778
2016,4,5,5
2016,4,6,6.5
2016,4,7,9.761904762
2016,4,8,19.28947368
2016,4,9,34.78571429
2016,4,10,19.82857143
2016,4,11,21.32432432
2016,4,12,23.59090909
2016,4,13,25.89361702
2016,4,14,28.23076923
2016,4,15,35.16666667
2016,4,16,35.57446809
2016,4,17,25.22077922
2016,4,18,28.59090909
2016,4,19,35.58333333
2016,4,20,47.0952381
2016,4,21,52.44117647
2016,4,22,32.47916667
2016,4,23,18.32352941
2016,4,24,15.75806452
2016,4,25,9.019230769
2016,4,26,12
2016,4,27,14.88679245
2016,4,28,15.7962963
2016,4,29,23.4137931
2016,5,1,8.755555556
2016,5,2,5.727272727
2016,5,3,8.025641026
2016,5,4,11.19117647
2016,5,5,14.18181818
2016,5,6,27.44444444
2016,5,7,27.13043478
2016,5,8,17.125
2016,5,9,8.590909091
2016,5,10,11.07142857
2016,5,11,19.7173913
2016,5,12,29.3255814
2016,5,13,36.68888889
2016,5,14,48.83673469
2016,5,15,35.57142857
2016,5,16,33.62222222
2016,5,17,45.3125
2016,5,18,55.44897959
2016,5,19,53.04166667
2016,5,20,53
2016,5,21,53
2016,5,23,14.10526316
2016,5,24,14.10869565
2016,5,25,13.8
2016,5,26,15.47727273
2016,5,27,17.60869565
2016,5,28,11.73913043
2016,5,29,6.333333333
2016,5,30,7.173913043
2016,6,1,11.76086957
2016,6,2,13.275
2016,6,3,17.44444444
2016,6,4,15.45833333
2016,6,5,8.88
2016,6,6,15.375
2016,6,7,21.16666667
2016,6,8,25.37037037
2016,6,9,26.125
2016,6,10,29.49180328
2016,6,11,41.62686567
2016,6,12,39.87777778
2016,6,13,55.01515152
2016,6,14,50.90740741
2016,6,15,37.25396825
2016,6,16,38.64912281
2016,6,17,33.10416667
2016,6,18,18.16666667
2016,6,19,11.43243243
2016,6,20,13.5
2016,6,21,16.23188406
2016,6,22,15.75
2016,6,23,21.69565217
2016,6,24,12.31707317
2016,6,25,8.854166667
2016,6,26,8.763157895
2016,6,27,9
2016,6,28,12.2826087
2016,6,29,18.55555556
2016,7,1,12.92307692
2016,7,2,10.19444444
2016,7,3,33.75
2016,7,4,48.83333333
2016,7,5,66.83333333
2016,7,6,82.61904762
2016,7,7,65.81081081
2016,7,8,63.33333333
2016,7,9,70.31578947
2016,7,10,75.89795918
2016,7,11,68.81481481
2016,7,12,90.28571429
2016,7,13,87.96774194
2016,7,14,46.30434783
2016,7,15,13.76363636
2016,7,16,15.24
2016,7,17,14.95833333
2016,7,18,13.96296296
2016,7,19,15.14634146
2016,7,20,20.5
2016,7,21,12.85365854
2016,7,22,8.766666667
2016,7,23,10.08695652
2016,7,24,13.86363636
2016,7,25,28.375
2016,7,26,17.57894737
2016,7,27,10.29032258
2016,7,28,8.086956522
2016,7,29,24.06451613
2016,7,30,28.39583333
2016,8,1,41.1
2016,8,2,50.5
2016,8,3,43.66666667
2016,8,4,64.83333333
2016,8,5,55.94736842
2016,8,6,52.20833333
2016,8,7,57.23809524
2016,8,8,46.12280702
2016,8,9,35.52272727
2016,8,10,33.06666667
2016,8,11,39.65909091
2016,8,12,22.32142857
2016,8,13,13.57692308
2016,8,14,5.625
2016,8,15,10.76923077
2016,8,16,12.24137931
2016,8,17,9.033333333
2016,8,18,11.12765957
2016,8,19,11.77272727
2016,8,20,19.04166667
2016,8,21,21.58333333
2016,8,22,16.88
2016,8,23,10.22580645
2016,8,24,7.488372093
2016,8,25,11.45454545
2016,8,26,20.36956522
2016,8,27,38.0625
2016,8,28,40.31506849
2016,8,29,47.47368421
2016,8,30,64.26865672
2016,9,1,101.1372549
2016,9,2,95.50909091
2016,9,3,79.13333333
2016,9,4,73.96875
2016,9,5,68.94444444
2016,9,6,74.92105263
2016,9,7,95.52
2016,9,8,55.66666667
2016,9,9,41.13043478
2016,9,10,6.555555556
2016,9,11,7.1875
2016,9,12,17
2016,9,13,9.150943396
2016,9,14,10.12195122
2016,9,15,20.21621622
2016,9,16,42.04166667
2016,9,17,46.45833333
2016,9,18,43.81818182
2016,9,19,23.76
2016,9,20,15.24137931
2016,9,21,11.80952381
2016,9,22,11.96
2016,9,23,40.27272727
2016,9,24,71.34090909
2016,9,25,81.55769231
2016,9,26,97.78846154
2016,9,27,211.56
2016,9,28,228.9545455
2016,9,29,229.952381
2016,10,1,95.7755102
2016,10,2,81.04255319
2016,10,3,83.81481481
2016,10,4,14.59259259
2016,10,5,7.863636364
2016,10,6,12.11111111
2016,10,7,7.8125
2016,10,8,18.83333333
2016,10,9,11.875
2016,10,10,13.14285714
2016,10,11,29.71212121
2016,10,12,25.92857143
2016,10,13,32.34920635
2016,10,14,37.17073171
2016,10,15,32.04
2016,10,16,17.85714286
2016,10,17,9.75
2016,10,18,13
2016,10,19,13.27586207
2016,10,20,24.20930233
2016,10,21,35
2016,10,22,58
2016,10,23,76.578125
2016,10,24,111.8070175
2016,10,25,197.8235294
2016,10,26,121.6176471
2016,10,27,74
2016,10,28,61.08333333
2016,10,29,28.88888889
2016,10,30,20.37777778
2016,11,1,40.71428571
2016,11,2,37.74358974
2016,11,3,32.77777778
2016,11,4,24.2962963
2016,11,5,28.53658537
2016,11,6,34.03508772
2016,11,7,47.79166667
2016,11,8,54.38
2016,11,9,89.27777778
2016,11,10,72.55813953
2016,11,11,59.5952381
2016,11,12,26
2016,11,13,12.64367816
2016,11,14,7.507936508
2016,11,15,8.86440678
2016,11,16,12.06666667
2016,11,17,24.68571429
2016,11,18,55.25
2016,11,19,110.8235294
2016,11,20,76.19444444
2016,11,21,44.14893617
2016,11,22,23.68085106
2016,11,23,19.52
2016,11,24,16.2972973
2016,11,25,11.56756757
2016,11,26,9.46875
2016,11,27,5.75
2016,11,29,39
2016,12,1,8.256410256
2016,12,2,26.43181818
2016,12,3,64.84615385
2016,12,4,71.68
2016,12,5,74.18032787
2016,12,6,73.91044776
2016,12,7,86.23076923
2016,12,8,68.10714286
2016,12,9,112.5555556
2016,12,10,40
2016,12,11,7.5
2016,12,12,5.055555556
2016,12,13,7.351351351
2016,12,14,13.45348837
2016,12,15,27.55102041
2016,12,16,24.27272727
2016,12,17,36.30555556
2016,12,18,53.78125
2016,12,19,76
2016,12,20,63.26315789
2016,12,21,69.55882353
2016,12,22,52.34285714
2016,12,23,35.48888889
2016,12,24,26.34782609
2016,12,25,18.25396825
2016,12,26,18.5942029
2016,12,27,23.86666667
2016,12,28,24
2016,12,29,21.91764706
2016,12,30,23.61290323
2017,1,1,60.31818182
2017,1,2,63.44262295
2017,1,3,100.4146341
2017,1,4,83.61702128
2017,1,5,68.68627451
2017,1,6,48.88679245
2017,1,7,30.57142857
2017,1,8,15.42857143
2017,1,9,9.215686275
2017,1,10,9.661538462
2017,1,11,11.01666667
2017,1,12,13.01041667
2017,1,13,24.44927536
2017,1,14,30.25974026
2017,1,15,35.05660377
2017,1,16,34.38461538
2017,1,17,47.72222222
2017,1,18,34.15
2017,1,19,24.73684211
2017,1,20,27.2
2017,1,21,15
2017,1,22,15.38983051
2017,1,23,28.5862069
2017,1,24,28.44736842
2017,1,25,20.046875
2017,1,26,21.36363636
2017,1,27,26.95098039
2017,1,28,55.50793651
2017,1,29,59.21538462
2017,1,30,56.86842105
2017,2,1,74.20833333
2017,2,2,47.72058824
2017,2,3,54.12244898
2017,2,4,44.84782609
2017,2,5,27.19565217
2017,2,6,18.06896552
2017,2,7,20.42622951
2017,2,8,19.14814815
2017,2,9,32.33333333
2017,2,10,17.10416667
2017,2,11,18.92957746
2017,2,12,25.50980392
2017,2,13,30
2017,2,14,24.62962963
2017,2,15,22.18518519
2017,2,16,26.24489796
2017,2,17,28.11764706
2017,2,18,25.75757576
2017,2,19,29.01818182
2017,2,20,30.93333333
2017,2,21,33.7173913
2017,2,22,23.93939394
2017,2,23,24.34375
2017,2,24,30.06896552
2017,2,25,95.95833333
2017,2,26,95.67741935
2017,2,27,101.5806452
2017,3,1,116.9166667
2017,3,2,105.6666667
2017,3,3,79.1
2017,3,4,63.09090909
2017,3,5,49.36363636
2017,3,6,44.40909091
2017,3,13,22.5
2017,3,14,24.73333333
2017,3,15,18.14893617
2017,3,16,24.19607843
2017,3,17,33.37254902
2017,3,18,38.24
2017,3,19,60.68292683
2017,3,20,55.3877551
2017,3,21,37.76
2017,3,22,39.39130435
2017,3,23,50.78
2017,3,24,52.28
2017,3,25,56.72727273
2017,3,26,90.19444444
2017,3,27,117.4193548
2017,3,28,124
2017,3,29,47.375
2017,3,30,62.64285714
2017,4,1,36.09090909
2017,4,2,31.79310345
2017,4,3,30.52941176
2017,4,4,40.26
2017,4,5,29.63013699
2017,4,6,40.06666667
2017,4,7,22.55813953
2017,4,8,19.63235294
2017,4,9,19.72916667
2017,4,10,26.30434783
2017,4,11,14.21428571
2017,4,12,15.76
2017,4,13,22.65517241
2017,4,14,26.10344828
2017,4,15,32.4375
2017,4,16,21.40540541
2017,4,17,20.1372549
2017,4,18,27.6875
2017,4,19,30.97674419
2017,4,20,48.70588235
2017,4,21,51.26829268
2017,4,22,57.11538462
2017,4,23,69
2017,4,24,103.3125
2017,4,25,23.14285714
2017,4,26,27.16666667
2017,4,27,31.22222222
2017,4,28,5.833333333
2017,4,29,37
2017,5,1,41
2017,5,2,4.5
2017,5,3,20.66666667
2017,5,4,20.5
2017,5,5,37.75
2017,5,6,20.85714286
2017,5,7,29.6
2017,5,8,17.69230769
2017,5,9,16.42105263
2017,5,10,16.10204082
2017,5,11,18.48648649
2017,5,12,16.40350877
2017,5,13,33.45454545
2017,5,14,26.96610169
2017,5,15,33.03846154
2017,5,16,32.89473684
2017,5,17,29.57894737
2017,5,18,37.2
2017,5,19,34.125
2017,5,20,26.79591837
2017,5,21,22.19148936
2017,5,22,11.91525424
2017,5,23,8.775510204
2017,5,24,12.76190476
2017,5,25,7.461538462
2017,5,26,4
2017,5,27,10.625
2017,5,28,4.6
2017,5,29,7.916666667
2017,5,30,8.772727273
2017,6,1,6.142857143
2017,6,2,15
2017,6,3,23.5
2017,6,4,24.28571429
2017,6,5,23
2017,6,9,19.25
2017,6,10,7.684210526
2017,6,11,12.125
2017,6,12,21.47058824
2017,6,13,23.26086957
2017,6,14,17.52631579
2017,6,15,16.54761905
2017,6,16,12.77777778
2017,6,17,8.507692308
2017,6,18,14.82978723
2017,6,19,46.81818182
2017,6,20,58.5
2017,6,21,62.42857143
2017,6,22,56.96
2017,6,23,53.06896552
2017,6,24,18.76744186
2017,6,25,11.22727273
2017,6,28,19.83333333
2017,6,29,14
2017,7,1,17
2017,7,2,26.61538462
2017,7,3,15.62962963
2017,7,4,31.5
2017,7,5,39.38095238
2017,7,6,45.95652174
2017,7,7,36.34782609
2017,7,8,31.625
2017,7,9,18.81481481
2017,7,10,6.142857143
2017,7,11,7.523809524
2017,7,12,17.67346939
2017,7,13,13.73809524
2017,7,14,18.74074074
2017,7,15,21.02272727
2017,7,16,48.15
2017,7,17,63.08333333
2017,7,18,81.65
2017,7,19,90.73684211
2017,7,20,65.51515152
2017,7,21,81.24324324
2017,7,22,96.72
2017,7,23,45.93333333
2017,7,24,26.33333333
2017,7,25,13.33333333
2017,7,26,25.66666667
2017,7,27,25.4
2017,7,28,25.14285714
2017,7,29,26.86111111
2017,7,30,48.54054054
2017,8,1,89.03333333
2017,8,2,138.5
2017,8,3,126.8695652
2017,8,4,95.74074074
2017,8,5,55.77777778
2017,8,6,29.88
2017,8,7,12.39473684
2017,8,8,11.75609756
2017,8,9,13.05555556
2017,8,10,11.32608696
2017,8,11,17.85245902
2017,8,12,37.68421053
2017,8,13,71.66666667
2017,8,14,70.60606061
2017,8,15,63.23809524
2017,8,16,95.55172414
2017,8,17,65.90322581
2017,8,18,64.375
2017,8,19,49.5
2017,8,20,19
2017,8,21,26
2017,8,22,5.2
2017,8,23,12.825
2017,8,24,9.428571429
2017,8,25,12.19047619
2017,8,26,43.95238095
2017,8,27,52.13043478
2017,8,28,60.30434783
2017,8,29,125.2173913
2017,8,30,116.7391304
2017,9,1,95.54545455
2017,9,2,14.33333333
2017,9,3,9.48
2017,9,4,17.54285714
2017,9,5,22.03448276
2017,9,6,23.87755102
2017,9,7,18.39285714
2017,9,8,25.425
2017,9,9,32.375
2017,9,10,81.07142857
2017,9,11,117.375
2017,9,13,103
2017,9,14,96.33333333
2017,9,15,95.89473684
2017,9,16,59.08695652
2017,9,17,31.64
2017,9,18,31.925
2017,9,19,34.6
2017,9,20,21
2017,9,21,19.80645161
2017,9,22,42.89473684
2017,9,23,103.0625
2017,9,24,118.8695652
2017,9,25,136.047619
2017,9,26,124.7777778
2017,9,27,105.2
2017,9,28,32.38888889
2017,9,29,5.857142857
2017,10,1,14.82222222
2017,10,2,23.46428571
2017,10,3,25.32142857
2017,10,4,15.35416667
2017,10,5,13.74666667
2017,10,6,20.2
2017,10,7,43.25
2017,10,8,77.95833333
2017,10,9,86.08333333
2017,10,10,113.2083333
2017,10,11,76.25
2017,10,12,90.22222222
2017,10,13,5.916666667
2017,10,14,30.65
2017,10,15,38.90697674
2017,10,16,25.17391304
2017,10,17,18.375
2017,10,18,17.85135135
2017,10,19,21.23809524
2017,10,20,21.98701299
2017,10,21,28.77777778
2017,10,22,52.47058824
2017,10,23,63.68965517
2017,10,24,35.5
2017,10,25,24
2017,10,30,20.81132075
2017,11,1,13.61111111
2017,11,2,14.06153846
2017,11,3,26.82608696
2017,11,4,65.36
2017,11,5,79.95833333
2017,11,6,76.64
2017,11,7,54.625
2017,11,8,33.29166667
2017,11,9,80.36
2017,11,10,45.76595745
2017,11,11,35.95454545
2017,11,12,33.90697674
2017,11,13,22.68115942
2017,11,14,18.02777778
2017,11,15,17.0952381
2017,11,16,13.6
2017,11,17,22.97142857
2017,11,18,31.84615385
2017,11,19,24.83333333
2017,11,20,14.77777778
2017,11,21,18.63636364
2017,11,22,11.08333333
2017,11,23,11.21126761
2017,11,24,12.6
2017,11,25,16.125
2017,11,26,39.53571429
2017,11,27,43.03448276
2017,11,28,22.5483871
2017,11,29,14.79032258
2017,12,1,46.96666667
2017,12,2,57.57142857
2017,12,3,46.91891892
2017,12,4,41.9047619
2017,12,5,19.04878049
2017,12,6,22.65079365
2017,12,7,56.5
2017,12,8,37.85185185
2017,12,9,31.65
2017,12,10,32.31818182
2017,12,11,30.97222222
2017,12,12,33.71830986
2017,12,13,30.17741935
2017,12,14,30.56603774
2017,12,15,31.97826087
2017,12,16,18.23611111
2017,12,17,8.696969697
2017,12,18,6.448979592
2017,12,19,8.512195122
2017,12,20,14.36170213
2017,12,21,25.97560976
2017,12,22,28.96296296
2017,12,23,40.76923077
2017,12,24,32.29166667
2017,12,25,27.68627451
2017,12,26,21.35714286
2017,12,27,24.11111111
2017,12,28,21.38095238
2017,12,29,52.40909091
2017,12,30,57.23076923
2018,1,1,26.17777778
2018,1,2,18.07352941
2018,1,3,25.94444444
2018,1,4,36.88372093
2018,1,5,57.6
2018,1,6,56.04444444
2018,1,7,42.79591837
2018,1,8,22.09090909
2018,1,9,19.67741935
2018,1,10,20.3442623
2018,1,11,19.23076923
2018,1,12,19.6097561
2018,1,13,13.9122807
2018,1,14,16.875
2018,1,15,17.04255319
2018,1,16,23.29411765
2018,1,17,23.38461538
2018,1,18,30.70833333
2018,1,19,26.69090909
2018,1,20,21.9516129
2018,1,21,15.03278689
2018,1,22,28.4
2018,1,23,16.36538462
2018,1,24,12.97916667
2018,1,25,15.47692308
2018,1,26,21.31914894
2018,1,27,21
2018,1,28,24.13513514
2018,1,29,28.29268293
2018,1,30,46.65116279
2018,2,1,49.97619048
2018,2,2,54.29411765
2018,2,3,46.81818182
2018,2,4,44.57575758
2018,2,5,33.125
2018,2,6,19.25
2018,2,9,18.53846154
2018,2,10,16.57894737
2018,2,11,18.53333333
2018,2,12,25.76744186
2018,2,13,34.625
2018,2,14,40.02702703
2018,2,15,41.24242424
2018,2,16,30.68085106
2018,2,17,18.57894737
2018,2,18,12.87356322
2018,2,19,11.76470588
2018,2,20,32.17857143
2018,2,21,60.42857143
2018,2,22,64.27272727
2018,2,23,44.9
2018,2,24,52
2018,2,25,16.52777778
2018,2,26,17.5
2018,2,27,41.61111111
2018,3,1,9
2018,3,2,35.07692308
2018,3,3,39.24137931
2018,3,4,32.87179487
2018,3,5,36
2018,3,6,46.61538462
2018,3,7,47
2018,3,8,32.7254902
2018,3,9,27.94642857
2018,3,10,25
2018,3,11,23.98412698
2018,3,12,26.52542373
2018,3,13,26.64705882
2018,3,14,48.73529412
2018,3,15,49.91176471
2018,3,16,35.13888889
2018,3,17,11.46153846
2018,3,18,31.8
2018,3,19,41.22222222
2018,3,20,6.75
2018,3,21,110.826087
2018,3,22,103.44
2018,3,23,56.19354839
2018,3,24,17.14285714
2018,3,25,20.57142857
2018,3,26,60.95652174
2018,3,27,68.92857143
2018,3,28,39.35135135
2018,3,29,27.33333333
2018,3,30,21.73684211
2018,4,1,33.07692308
2018,4,2,16.75
2018,4,3,26.82142857
2018,4,4,22.72093023
2018,4,5,26.91428571
2018,4,6,34.46428571
2018,4,7,30.20454545
2018,4,8,28.07317073
2018,4,9,26.14705882
2018,4,10,20.32258065
2018,4,11,9.888888889
2018,4,12,6.75862069
2018,4,13,10.66666667
2018,4,14,20.61538462
2018,4,16,83.375
2018,4,17,68.5
2018,4,18,57
2018,4,19,22
2018,4,20,15.7
2018,4,21,32
2018,4,22,53.57142857
2018,4,23,50.04347826
2018,4,24,48.14285714
2018,4,25,35.2
2018,4,26,7.230769231
2018,4,27,27
2018,4,29,5.705882353
2018,5,1,19.20689655
2018,5,2,30.55882353
2018,5,3,62.15
2018,5,4,70.3
2018,5,5,73
2018,5,6,56.8
2018,5,7,76.90909091
2018,5,9,16.125
2018,5,10,5.894736842
2018,5,11,10
2018,5,12,29.84615385
2018,5,13,43.75
2018,5,14,8
2018,5,15,8.846153846
2018,5,16,18
2018,5,17,37.06666667
2018,5,18,51.84615385
2018,5,19,44.6
2018,5,20,33.8125
2018,5,21,19.71428571
2018,5,22,10
2018,5,23,6
2018,5,24,6.2
2018,5,25,8.090909091
2018,5,26,14.95833333
2018,5,27,21.92
2018,5,28,27.45945946
2018,5,29,39.51428571
2018,5,30,35.69767442
2018,6,1,54.58333333
2018,6,2,28.6
2018,6,3,21.3
2018,6,4,8.3
2018,6,5,30.66666667
2018,6,7,4
2018,6,8,7.78125
2018,6,9,11.1875
2018,6,10,6.714285714
2018,6,11,6.285714286
2018,6,12,12.875
2018,6,13,21.4
2018,6,14,27.89473684
2018,6,15,24.84210526
2018,6,16,28.5
2018,6,17,12.28571429
2018,6,18,43
2018,6,20,6.5
2018,6,21,11.4
2018,6,22,19.33333333
2018,6,23,21.66666667
2018,6,24,16
2018,6,25,4.25
2018,6,26,8.333333333
2018,6,27,10.0625
2018,6,28,17.4
2018,6,29,14.66666667
2018,7,1,8.333333333
2018,7,4,4.636363636
2018,7,5,5.0625
2018,7,6,35.5
2018,7,9,7.75
2018,7,10,4.5
2018,7,11,10.18181818
2018,7,12,6
2018,7,13,5
2018,7,15,8.428571429
2018,7,16,11.95652174
2018,7,17,11.70833333
2018,7,18,10.27272727
2018,7,19,15.04545455
2018,7,20,58.3125
2018,7,21,58.25806452
2018,7,22,26.5
2018,7,23,27.38461538
2018,7,24,31.32
2018,7,25,47.8
2018,7,26,32.53846154
2018,7,27,42.9
2018,7,28,42.5
2018,7,29,22.86363636
2018,7,30,6.714285714
2018,8,1,14.79411765
2018,8,2,13.08823529
2018,8,3,12.89655172
2018,8,4,21.64285714
2018,8,5,21.51923077
2018,8,6,18.83333333
2018,8,7,27.74358974
2018,8,8,24.13513514
2018,8,9,19.07142857
2018,8,10,22.23913043
2018,8,11,62.71428571
2018,8,12,34.25
2018,8,13,70.24242424
2018,8,14,24.3030303
2018,8,15,24.85416667
2018,8,16,48.61764706
2018,8,17,61.88888889
2018,8,18,49.97368421
2018,8,19,15.33333333
2018,8,20,18.47826087
2018,8,21,34.64705882
2018,8,22,38.75
2018,8,23,59.77777778
2018,8,24,46.78571429
2018,8,25,38.89655172
2018,8,26,47
2018,8,27,32.78947368
2018,8,28,45.2173913
2018,8,29,45.59090909
2018,8,30,51.13636364
2018,9,1,27.25
2018,9,2,26.08333333
2018,9,3,28.77272727
2018,9,4,25.3125
2018,9,5,24.42857143
2018,9,6,27.87234043
2018,9,7,48.31818182
2018,9,8,47
2018,9,9,26.83783784
2018,9,10,12.975
2018,9,11,17.70731707
2018,9,12,42.69230769
2018,9,13,62.39393939
2018,9,14,61.31818182
2018,9,15,47.62857143
2018,9,16,32.75
2018,9,17,32.20833333
2018,9,18,39.45454545
2018,9,19,50
2018,9,20,44.38888889
2018,9,21,28.52380952
2018,9,22,19.875
2018,9,23,44.9
2018,9,24,34.44
2018,9,25,33.38235294
2018,9,26,32.28571429
2018,9,27,37.54166667
2018,9,28,27.02083333
2018,9,29,25.01818182
2018,10,1,23.80882353
2018,10,2,26.86440678
2018,10,3,33.27777778
2018,10,4,63.65517241
2018,10,5,80.52631579
2018,10,6,112.2
2018,10,7,39
2018,10,8,32.8030303
2018,10,9,29.421875
2018,10,10,39.82692308
2018,10,11,45.25581395
2018,10,12,36.5862069
2018,10,13,23.48148148
2018,10,14,25.84615385
2018,10,15,30.5
2018,10,16,39.45833333
2018,10,17,40.93333333
2018,10,18,29.29411765
2018,10,19,37.96296296
2018,10,20,40.08333333
2018,10,21,33.53846154
2018,10,22,24.54545455
2018,10,23,25.90909091
2018,10,24,32.76923077
2018,10,25,27.55555556
2018,10,26,24.22916667
2018,10,27,22.27692308
2018,10,28,23.09722222
2018,10,29,27.31944444
2018,10,30,28.52857143
2018,11,1,48.375
2018,11,2,50.51351351
2018,11,21,27.5
2018,11,22,28.95652174
2018,11,23,22.3125
2018,11,24,16.78333333
2018,11,25,21.24615385
2018,11,26,32.90740741
2018,11,27,55.57894737
2018,11,28,63.9375
2018,11,29,29.44444444
2018,12,1,21.17307692
2018,12,2,19.62962963
2018,12,3,13.51428571
2018,12,4,15
2018,12,5,16.63333333
2018,12,6,20.44444444
2018,12,7,12.76923077
2019,2,12,9
2019,2,13,8.727272727
2019,2,14,10.20408163
2019,2,15,17.97826087
2019,2,16,22.92682927
2019,2,17,20.87804878
2019,2,18,20.03125
2019,2,19,15.14285714
2019,2,20,16
2019,2,21,10.11111111
2019,2,22,12.25
2019,2,23,27.4516129
2019,2,24,29.22727273
2019,2,25,28.95744681
2019,2,26,37.07692308
2019,2,27,33.28
2019,3,1,22.68181818
2019,3,2,32.8
2019,3,3,25.10344828
2019,3,4,26.5
2019,3,5,30.66666667
2019,3,6,30.28
2019,3,7,18.04
2019,3,8,7.020833333
2019,3,9,9.526315789
2019,3,10,19.025
2019,3,11,15.92592593
2019,3,12,13.06818182
2019,3,13,11.28813559
2019,3,14,21.21428571
2019,3,15,24.36170213
2019,3,16,20.78947368
2019,3,17,17.35555556
2019,3,18,17.51851852
2019,3,19,8.695652174
2019,3,20,5.230769231
2019,3,21,8.636363636
2019,3,22,16.15625
2019,3,23,16.3902439
2019,3,24,24.18518519
2019,3,25,18.35714286
2019,3,26,14.41666667
2019,3,27,11.08163265
2019,3,28,13.33333333
2019,3,29,9.692307692
2019,3,30,21.61538462
2019,4,1,4.285714286
2019,4,2,69
2019,4,3,44.625
2019,4,4,34.76666667
2019,4,5,16.05405405
2019,4,6,9.409090909
2019,4,7,5
2019,4,8,5.4
2019,4,9,5
2019,4,10,35.16666667
2019,4,11,17.66666667
2019,4,12,14.66666667
2019,4,13,19.4
2019,4,14,27.66666667
2019,4,16,4
2019,4,17,15.58823529
2019,4,18,12.48
2019,4,19,24.07407407
2019,4,20,23.94444444
2019,4,21,30.1
2019,4,22,6
2019,4,23,13
2019,4,24,9
2019,4,25,9.428571429
2019,4,26,4
2019,4,27,5
2019,4,28,5.5
2019,4,29,5.5
2019,5,1,9
2019,5,2,8
2019,5,3,18.53846154
2019,5,4,25.48
2019,5,5,19.0952381
2019,5,6,11
2019,5,7,4
2019,5,10,29.25
2019,5,12,4
2019,5,13,5.888888889
2019,5,14,14
2019,5,15,4.8
2019,5,16,15.88888889
2019,5,17,7.5
2019,5,18,15.38888889
2019,5,19,10.67857143
2019,5,20,10.85714286
2019,5,21,8.80952381
2019,5,22,8.090909091
2019,5,23,14.65517241
2019,5,24,32.53846154
2019,5,25,27.10714286
2019,5,26,18.76923077
2019,5,27,18.47619048
2019,5,28,9.65
2019,5,29,8.833333333
2019,6,1,5.142857143
2019,6,2,7.157894737
2019,6,3,7.2
2019,6,4,5.166666667
2019,6,5,6.391304348
2019,6,6,5.888888889
2019,6,7,8.458333333
2019,6,8,46
2019,6,9,46.95238095
2019,6,10,21
2019,6,11,7.65
2019,6,12,9.458333333
2019,6,13,8.095238095
2019,9,18,8
2019,9,19,12.64705882
2019,9,20,16.84848485
2019,9,21,18.66666667
2019,9,22,22.29268293
2019,9,23,24.9137931
2019,9,24,34.20833333
2019,9,25,64.34285714
2019,9,26,42.44230769
2019,9,27,27.52631579
2019,9,28,17.68421053
2019,9,29,7.857142857
2019,10,1,34.75
2019,10,2,32.58333333
2019,10,3,15.08333333
2019,10,4,25.8
2019,10,5,5.888888889
2019,10,6,26.75
2019,10,7,29.875
2019,10,8,27.15789474
2019,10,9,26.88461538
2019,10,10,27.48148148
2019,10,11,33.07692308
2019,10,12,33
2019,10,13,33
2019,10,14,33
2019,10,15,33
2019,10,16,33
2019,10,17,38.83333333
2019,10,18,36
2019,10,19,32.66129032
2019,10,20,42.29090909
2019,10,21,57.19565217
2019,10,22,61.08333333
2019,10,23,61.84313725
2019,10,24,46.9787234
2019,10,25,37.7
2019,10,26,24.875
2019,10,27,22.53333333
2019,10,28,20.37931034
2019,10,29,25.25
2019,10,30,20.61538462
2019,11,1,33.08
2019,11,2,32.30434783
2019,11,3,31.83333333
2019,11,4,26.33333333
2019,11,5,21
2019,11,6,10
2019,11,7,5.8
2019,11,8,4
2019,11,9,24.66666667
2019,11,10,25.94444444
2019,11,11,29.92592593
2019,11,12,32.61290323
2019,11,13,24.14285714
2019,11,14,17.92307692
2019,11,15,18.40540541
2019,11,16,33.73529412
2019,11,17,44.17857143
2019,11,18,32.18181818
2019,11,19,38.61904762
2019,11,20,26.49122807
2019,11,21,22.10869565
2019,11,22,20.74285714
2019,11,23,23.2962963
2019,11,24,10.53333333
2019,11,25,8.375
2019,11,26,14.5
2019,11,27,13
2019,11,28,5
2019,11,29,24.54545455
2019,12,1,20.46153846
2019,12,2,16.44444444
2019,12,3,9.837209302
2019,12,4,9.9
2019,12,5,9.08
2019,12,6,9.304347826
2019,12,7,8.166666667
2019,12,8,6.742424242
2019,12,9,10.05882353
2019,12,10,12.46153846
2019,12,11,13.52380952
2019,12,12,19.14634146
2019,12,13,21.78723404
2019,12,14,24.8
2019,12,15,25.2195122
2019,12,16,21.23404255
2019,12,17,24.93181818
2019,12,18,17.37096774
2019,12,19,21.21428571
2019,12,20,12.06818182
2019,12,21,19.83333333
2019,12,22,20.3
2019,12,23,10.17142857
2019,12,24,12.32258065
2019,12,25,12.38461538
2019,12,26,9.04
2019,12,27,4.848484848
2019,12,28,5.724137931
2019,12,29,8.291666667
2019,12,30,9.04
2020,1,1,6.866666667
2020,1,2,5.25
2020,1,3,6.6875
2020,1,4,20.61904762
2020,1,5,23.58823529
2020,1,6,8.586206897
2020,1,7,8.68
2020,1,8,5.857142857
2020,1,9,10.09090909
2020,1,10,17.33333333
2020,1,11,32
2020,1,12,21.64150943
2020,1,13,14.45652174
2020,1,14,8.24
2020,1,15,8.25
2020,1,16,11.54545455
2020,1,17,9.2
2020,1,18,17.12121212
2020,1,19,14
2020,1,20,8.846153846
2020,1,21,12
2020,1,22,12.03703704
2020,1,23,10.74074074
2020,1,24,10.41666667
2020,1,25,7.105263158
2020,1,26,10
2020,1,27,8.75
2020,1,30,9.75
2020,2,3,6
2020,2,4,20.5
2020,2,5,16.95454545
2020,2,6,21
2020,2,7,22.66666667
2020,2,8,17.64912281
2020,2,9,18.5
2020,2,10,19.52173913
2020,2,11,24.64705882
2020,2,12,32.8125
2020,2,13,32
2020,2,14,36.23076923
2020,2,15,41.09090909
2020,2,16,52.71428571
2020,2,17,45.27272727
2020,2,18,48.3
2020,2,19,13.93333333
2020,2,20,7
2020,2,21,6.666666667
2020,2,22,6.176470588
2020,2,23,8.666666667
2020,2,24,23.66666667
2020,2,25,7.6
2020,2,26,8.4
2020,2,27,10.14285714
2020,2,28,4.75
2020,3,1,5
2020,3,2,5.727272727
2020,3,3,8.518518519
2020,3,4,9.875
2020,3,5,10.45454545
2020,3,6,8
2020,3,7,6.854166667
2020,3,8,7.028571429
2020,3,9,7.390243902
2020,3,10,15.15151515
2020,3,11,14.5
2020,3,12,10.61290323
2020,3,13,14
2020,3,14,18.75
2020,3,15,18
2020,3,16,57.23529412
2020,3,17,40.5
2020,3,18,10.87096774
2020,3,19,26.76086957
2020,3,20,28.43137255
2020,3,21,22.66666667
2020,3,22,31.55555556
2020,3,23,22.46153846
2020,3,24,8.333333333
2020,3,25,29
2020,3,26,19.5
2020,3,27,59.66666667
2020,3,28,7.333333333
2020,3,29,5.428571429
2020,3,30,7.5
2020,4,1,9.545454545
2020,4,2,6.930232558
2020,4,3,6.730769231
2020,4,4,6.785714286
2020,4,5,6.677419355
2020,4,6,16.41176471
2020,4,7,45.28571429
2020,4,8,52.5
2020,4,9,9.8
2020,4,10,22.71428571
2020,4,12,36.25
2020,4,13,5
2020,4,14,5
2020,4,15,6.444444444
2020,4,17,5.6
2020,4,18,42.33333333
2020,4,19,37.57142857
2020,4,20,11.85714286
2020,4,21,5.5
2020,4,22,44
2020,4,23,43
2020,4,24,6
2020,4,25,5
2020,4,26,22.44444444
2020,4,27,8
2020,4,28,5.545454545
2020,4,29,8.5
2020,5,1,26
2020,5,2,35.33333333
2020,5,3,8.142857143
2020,5,5,30.88888889
2020,5,6,10.66666667
2020,5,7,22.66666667
2020,5,8,6.666666667
2020,5,9,6.142857143
2020,5,10,11.4
2020,5,11,9.4
2020,5,12,15.16666667
2020,5,13,4.333333333
2020,5,14,6.384615385
2020,5,15,5.5
2020,5,16,6.75
2020,5,17,6.5
2020,5,18,12
2020,5,19,11
2020,5,20,4.4
2020,5,21,5
2020,5,22,6.4
2020,5,23,6
2020,5,24,6
2020,5,25,6
2020,5,26,9.558823529
2020,5,27,11.5
2020,5,28,7
2020,5,29,7.5
2020,5,30,7
2020,6,5,4
2020,6,6,6.625
2020,6,7,6.266666667
2020,6,8,8
2020,6,11,10.14285714
2020,6,12,5
2020,6,13,18.375
2020,6,14,16.75
2020,6,15,13.21428571
2020,6,16,8.375
2020,6,17,8.333333333
2020,6,18,7.090909091
2020,6,19,6.5
2020,6,21,19.2
2020,6,22,19.33333333
2020,6,23,29.375
2020,6,24,5.85
2020,6,25,7.742857143
2020,6,26,15.64516129
2020,6,27,14.27777778
2020,6,28,11.90909091
2020,6,29,6.5
2020,7,1,28.27272727
2020,7,2,19.26666667
2020,7,3,13.3
2020,7,4,7.25
2020,7,7,15.66666667
2020,7,8,9.5
2020,7,9,35.4
2020,7,10,4
2020,7,11,5.25
2020,7,12,4.333333333
2020,7,13,5
2020,7,14,4
2020,7,15,5.666666667
2020,7,16,7.727272727
2020,7,17,9.272727273
2020,7,18,8.666666667
2020,7,19,6.933333333
2020,7,20,5
2020,7,21,30
2020,7,22,18.42857143
2020,7,23,25.11111111
2020,7,24,22.52941176
2020,7,25,20.09090909
2020,7,26,22.88235294
2020,7,27,9.785714286
2020,7,28,17.27586207
2020,7,29,37.44
2020,7,30,53.86363636
2020,8,1,7
2020,8,2,22.29411765
2020,8,3,19.83333333
2020,8,4,5.923076923
2020,8,5,6.142857143
2020,8,6,10.66666667
2020,8,7,15.15789474
2020,8,8,16.64516129
2020,8,9,22.44444444
2020,8,10,15.12
2020,8,11,18.94444444
2020,8,12,23.05263158
2020,8,13,18.9375
2020,8,14,28.42857143
2020,8,15,20.92105263
2020,8,16,24.83333333
2020,8,17,23.63157895
2020,8,18,30.33333333
2020,8,19,4
2020,8,20,7.25
2020,8,21,9.5
2020,8,22,4
2020,8,23,23.33333333
2020,8,24,18.8
2020,8,25,42
2020,8,26,24.33333333
2020,8,27,17.75
2020,8,28,16.16666667
2020,8,29,51.55555556
2020,8,30,59.53846154
2020,9,1,23.625
2020,9,2,10.72727273
2020,9,3,4
2020,9,4,6.125
2020,9,5,13.42857143
2020,9,6,15.33333333
2020,9,7,5.666666667
2020,9,8,26
2020,9,9,18.04878049
2020,9,10,32.45
2020,9,11,28.375
2020,9,12,31.09090909
2020,9,13,42
2020,9,14,38.16
2020,9,15,33.64
2020,9,16,31
2020,9,17,31.18181818
2020,9,18,38.6
2020,9,19,28.5
2020,9,20,10.625
2020,9,21,8.333333333
2020,9,22,11.65
2020,9,23,32.2
2020,9,24,103.4615385
2020,9,25,94.64516129
2020,9,26,123.7407407
2020,9,27,102.7307692
2020,9,28,83.04166667
2020,9,29,58.95
2020,10,1,8.875
2020,10,2,7.181818182
2020,10,3,7.613636364
2020,10,4,12
2020,10,5,14.75
2020,10,6,17.03703704
2020,10,7,16.23809524
2020,10,8,11.57142857
2020,10,9,27.23529412
2020,10,10,28.68421053
2020,10,11,29.85185185
2020,10,12,31.58333333
2020,10,13,29.76
2020,10,14,32.16666667
2020,10,15,10.4
2020,10,16,16.61363636
2020,10,17,31.26666667
2020,10,18,30.69565217
2020,10,19,53.94117647
2020,10,20,86.21428571
2020,10,21,93.88235294
2020,10,22,13.66666667
2020,10,23,31.14285714
2020,10,24,67.85714286
2020,10,25,63.45833333
2020,10,26,51.76923077
2020,10,27,34.88
2020,10,28,25.625
2020,10,29,19.03571429
2020,10,30,14.71428571
2020,11,1,7.928571429
2020,11,2,4.95
2020,11,3,4.5
2020,11,4,5
2020,11,5,14.61538462
2020,11,6,5
2020,11,7,7.25
2020,11,8,8
2020,11,9,9.5
2020,11,10,10.7826087
2020,11,11,13.625
2020,11,12,15.38888889
2020,11,13,19
2020,11,14,22
2020,11,15,8.5
2020,11,16,13.75
2020,11,17,27
2020,11,18,45.13333333
2020,11,19,65.05882353
2020,11,20,87.65384615
2020,11,21,89
2020,11,22,75
2020,11,23,55.85714286
2020,11,24,41.47619048
2020,11,25,27.96153846
2020,11,26,18.34615385
2020,11,27,14.5
2020,11,28,11.08333333
2020,11,29,9.583333333
2020,12,1,6.5
2020,12,2,4.791666667
2020,12,3,4
2020,12,4,11.77777778
2020,12,5,10.85714286
2020,12,6,12.72727273
2020,12,8,24.8
2020,12,9,10.78571429
2020,12,10,5.5
2020,12,11,5.25
2020,12,12,7.739130435
2020,12,13,10.08695652
2020,12,14,16.12
2020,12,15,18.90322581
2020,12,16,28.92682927
2020,12,17,74.20833333
2020,12,18,82.91304348
2020,12,19,91.26923077
2020,12,20,82.03846154
2020,12,21,45.94117647
2020,12,22,47.82142857
2020,12,23,21.30952381
2020,12,24,12.32653061
2020,12,25,9.416666667
2020,12,26,6.541666667
2020,12,27,5.19047619
2020,12,28,4.594594595
2020,12,29,5.9375
2020,12,30,6.384615385
2021,1,1,5.905660377
2021,1,2,5.1875
2021,1,3,5.96969697
2021,1,4,6.055555556
2021,1,5,7.125
2021,1,6,9.68
2021,1,7,8.258064516
2021,1,8,7
2021,1,10,8.5
2021,1,11,5
2021,1,13,36.05882353
2021,1,14,46.81578947
2021,1,15,53.8
2021,1,16,53.13793103
2021,1,17,57.66666667
2021,1,18,41.27659574
2021,1,19,32.97916667
2021,1,20,25.95454545
2021,1,21,13.7
2021,1,22,15.48611111
2021,1,23,12.52542373
2021,1,24,9.458333333
2021,1,25,5.793103448
2021,1,26,11.05128205
2021,1,27,16.5483871
2021,1,28,25.69444444
2021,1,29,21.41071429
2021,1,30,13.23188406
2021,2,1,12
2021,2,2,19.40740741
2021,2,3,21.83333333
2021,2,4,21.75
2021,2,5,31.31034483
2021,2,6,10.11111111
2021,2,7,9.666666667
2021,2,8,33.5
2021,2,9,56.33333333
2021,2,10,50.85294118
2021,2,11,61.46875
2021,2,12,70.13043478
2021,2,13,26.44117647
2021,2,14,9.953488372
2021,2,15,20.63888889
2021,2,16,20.7755102
2021,2,17,30.6
2021,2,18,42.0625
2021,2,19,68.40740741
2021,2,20,35.31372549
2021,2,21,23.10526316
2021,2,22,12.1754386
2021,2,23,11.29850746
2021,2,24,28.125
2021,2,25,35.375
2021,2,26,28.43939394
2021,2,27,30.01587302
2021,3,1,37.92592593
2021,3,2,43.17391304
2021,3,3,55.16666667
2021,3,4,20.86666667
2021,3,5,11.12
2021,3,6,10.28571429
2021,3,7,6.214285714
2021,3,8,10.64285714
2021,3,9,15.34615385
2021,3,10,41.45
2021,3,11,14.51428571
2021,3,12,10
2021,3,13,11.91891892
2021,3,14,13.24390244
2021,3,15,32.2
2021,3,16,83.51851852
2021,3,17,97
2021,3,18,119.32
2021,3,19,124.875
2021,3,20,88.6875
2021,3,21,60.34210526
2021,3,22,29.70909091
2021,3,23,9.32
2021,3,24,10.1375
2021,3,25,10.8974359
2021,3,26,9.95
2021,3,27,12.38356164
2021,3,28,12.8852459
2021,3,29,12.54347826
2021,3,30,12.54347826
2021,4,1,8.379310345
2021,4,2,17.66666667
2021,4,3,20.65217391
2021,4,4,16.57894737
2021,4,5,8.739130435
2021,4,6,5.25
2021,4,7,9.956521739
2021,4,8,7
2021,4,9,9.16
2021,4,10,10.33333333
2021,4,11,7.075471698
2021,4,12,12.5483871
2021,4,13,34.67924528
2021,4,14,38.2745098
2021,4,15,84.68965517
2021,4,16,74.38888889
2021,4,17,58.28
2021,4,18,62.21276596
2021,4,19,55.86842105
2021,4,20,22.08695652
2021,4,21,18.5
2021,4,22,10.86666667
2021,4,23,6
2021,4,24,10.72727273
2021,4,25,13.61111111
2021,4,26,14.11764706
2021,4,27,10.60714286
2021,4,28,14.82352941
2021,4,29,4
2021,5,1,14.58333333
2021,5,2,8.3125
2021,5,3,5.516129032
2021,5,4,9
2021,5,5,22
2021,5,6,9
2021,5,7,9.44
2021,5,8,13.92857143
2021,5,9,8.222222222
2021,5,10,7.277777778
2021,5,11,14.0625
2021,5,13,34.5
2021,5,14,58.125
2021,5,15,63.83333333
2021,5,16,74.2
2021,5,17,71
2021,5,18,114
2021,5,19,10.5
2021,5,20,17.66666667
2021,5,21,9
2021,5,24,23.25
2021,5,25,6.5
2021,5,26,6.333333333
2021,5,27,8.714285714
2021,5,28,10.2
2021,5,29,11.8
2021,6,1,5
2021,6,2,11.66666667
2021,6,3,24.70833333
2021,6,4,34.26086957
2021,6,5,52.95833333
2021,6,6,40.5
2021,6,7,22.64285714
2021,6,8,8.727272727
2021,6,9,25
2021,6,10,16.27272727
2021,6,11,15.72222222
2021,6,14,5
2021,6,15,5
2021,6,16,7.5
2021,6,18,15.2
2021,6,19,29.66666667
2021,6,20,33.75
2021,6,21,10
2021,6,23,4
2021,6,25,6
2021,6,26,9
2021,6,27,12.33333333
2021,6,28,4
2021,7,1,13.44444444
2021,7,2,15.2
2021,7,3,5.25
2021,7,4,5.5
2021,7,5,5.090909091
2021,7,6,11.88888889
2021,7,7,24.34482759
2021,7,8,38.775
2021,7,9,96.76
2021,7,10,105.5
2021,7,11,117.375
2021,7,12,106.0833333
2021,7,13,77.45833333
2021,7,14,36.9
2021,7,15,5
2021,7,27,26.6
2021,7,28,22.52380952
2021,7,29,17.33333333
2021,8,1,9.047619048
2021,8,2,35.56818182
2021,8,3,36.2195122
2021,8,4,25.22222222
2021,8,5,19.68421053
2021,8,6,11.825
2021,8,7,13.75609756
2021,8,8,11.27777778
2021,8,9,8.347826087
2021,8,10,11.05263158
2021,8,11,19.8
2021,8,12,23
2021,8,13,34.18181818
2021,8,14,31.5
2021,8,15,22.14285714
2021,8,17,4.571428571
2021,8,18,26.6
2021,8,19,35.69565217
2021,8,20,41.76190476
2021,8,21,36.15789474
2021,8,22,36.12
2021,8,23,13.75
2021,8,24,5.142857143
2021,8,25,16.15151515
2021,8,26,34.625
2021,8,27,30.57142857
2021,8,29,5.857142857
2021,8,30,12.9047619
2021,9,1,29.2
2021,9,2,26
2021,9,3,11.10869565
2021,9,4,8.157894737
2021,9,5,11.71428571
2021,9,7,22.72727273
2021,9,8,11.51724138
2021,9,9,19.47619048
2021,9,10,28.66666667
2021,9,11,34.92857143
2021,9,12,33.75
2021,9,13,14.52941176
2021,9,14,7.333333333
2021,9,15,12.33333333
2021,9,16,21.83333333
2021,9,17,15.96666667
2021,9,18,12.22727273
2021,9,19,16.56666667
2021,9,20,41
2021,9,21,49.9047619
2021,9,22,32.66666667
2021,9,23,33.33333333
2021,9,24,11
2021,9,25,10.33333333
2021,9,26,9.5
2021,9,27,11.5
2021,9,28,55
2021,9,29,6
2021,10,5,28.125
2021,10,6,22.05882353
2021,10,7,8.791666667
2021,10,8,17
2021,10,9,17.03846154
2021,10,10,15.24
2021,10,11,10.61363636
2021,10,12,13.92592593
2021,10,13,14.3442623
2021,10,14,21.81944444
2021,10,15,30.60294118
2021,10,16,35.27142857
2021,10,17,35.2972973
2021,10,18,35.25675676
2021,10,19,36.35087719
2021,10,20,28.84615385
2021,10,21,20.9
2021,10,22,29.20833333
2021,10,23,31.45833333
2021,10,24,35.32
2021,10,25,37
2021,10,26,36
2021,10,27,41.45833333
2021,10,28,49.8
2021,10,29,57.625
2021,10,30,54.91666667
2021,11,1,44.83333333
2021,11,2,31.74074074
2021,11,3,12.26315789
2021,11,4,9.666666667
2021,11,5,12.94736842
2021,11,6,7.896551724
2021,11,7,5.714285714
2021,11,8,5.282051282
2021,11,9,8
2021,11,10,11.94594595
2021,11,11,18.06382979
2021,11,12,22.04
2021,11,13,26.59183673
2021,11,14,28.12727273
2021,11,15,24.13333333
2021,11,16,18.60606061
2021,11,17,17.57142857
2021,11,18,22.31578947
2021,11,19,21.7
2021,11,20,18.30952381
2021,11,21,15.94915254
2021,11,22,16.30434783
2021,11,23,20.86111111
2021,11,24,23.57446809
2021,11,25,14.74576271
2021,11,26,10.8028169
2021,11,27,13.25490196
2021,11,28,14.92982456
2021,11,29,18.53703704
2021,12,1,21.23636364
2021,12,2,18.50877193
2021,12,3,33.4
2021,12,4,11.25806452
2021,12,5,5.461538462
2021,12,6,6.227272727
2021,12,7,6.25
2021,12,8,8.6
2021,12,9,12.15384615
2021,12,10,12.45833333
2021,12,11,16.45238095
2021,12,12,17.88636364
2021,12,13,19.51612903
2021,12,14,15.16326531
2021,12,15,12.71052632
2021,12,16,14.16666667
2021,12,17,22.13333333
2021,12,18,42.52173913
2021,12,19,38.58333333
2021,12,20,30.93333333
2021,12,21,15.61290323
2021,12,22,24.23076923
2021,12,23,36.03571429
2021,12,24,21.11864407
2021,12,25,37.2
2021,12,26,17.25373134
2021,12,27,14.9375
2021,12,28,9.754716981
2021,12,29,8.979166667
2021,12,30,9.75
2022,1,1,4.5
2022,1,3,19.6
2022,1,4,31.125
2022,1,5,35.79166667
2022,1,6,16.52
2022,1,7,11.38181818
2022,1,8,11.10638298
2022,1,9,13.94871795
2022,1,10,12.41666667
2022,1,11,17.16666667
2022,1,12,21.78723404
2022,1,13,26.02702703
2022,1,14,34.75
2022,1,15,23.83333333
2022,1,16,21.41666667
2022,1,17,15.4
2022,1,18,4
2022,1,19,18.41176471
2022,1,20,18.39393939
2022,1,21,13
2022,1,22,7.942857143
2022,1,23,8.705882353
2022,1,24,10
2022,1,25,10.26666667
2022,1,26,7.375
2022,1,27,7
2022,1,28,4
2022,1,30,12
2022,2,1,10.14705882
2022,2,2,10.97222222
2022,2,3,12.35555556
2022,2,4,8.882352941
2022,2,5,8.347826087
2022,2,6,5.181818182
2022,2,7,8.130434783
2022,2,8,9
2022,2,9,9
2022,2,10,9
2022,2,11,9
2022,2,12,9
2022,2,13,9
2022,2,14,9
2022,2,15,9
2022,2,16,18.19230769
2022,2,17,32.56097561
2022,2,18,27.40425532
2022,2,19,23
2022,2,20,14.12
2022,2,21,10.14285714
2022,2,22,4
2022,2,23,6.25
2022,2,24,15.27272727
2022,2,25,17.04166667
2022,2,26,14.45833333
2022,2,27,13.28947368
2022,3,1,21.59375
2022,3,2,46.73684211
2022,3,3,25
2022,3,4,5.705882353
2022,3,5,5.391304348
2022,3,6,6.916666667
2022,3,7,7.565217391
2022,3,9,6.7
2022,3,11,7.666666667
2022,3,12,6.5
2022,3,13,15
2022,3,14,9
2022,3,17,29.8
2022,3,18,20.14705882
2022,3,19,18.91891892
2022,3,20,11.45833333
2022,3,21,12.64444444
2022,3,22,14.07894737
2022,3,23,34.85185185
2022,3,24,37.31034483
2022,3,25,36.14705882
2022,3,26,25.06666667
2022,3,27,10.35897436
2022,3,28,9.625
2022,3,29,14.58333333
2022,3,30,15.375
2022,4,1,16.375
2022,4,2,11.44
2022,4,3,7.448275862
2022,4,4,5.444444444
2022,4,5,7.05
2022,4,6,11.2
2022,4,7,11.42307692
2022,4,8,14.22222222
2022,4,9,11.87096774
2022,4,10,12.40740741
2022,4,11,24.80952381
2022,4,12,20.62162162
2022,4,13,49.72
2022,4,14,70.81481481
2022,4,15,74.56
2022,4,16,45
2022,4,17,14.23076923
2022,4,18,14.28571429
2022,4,19,15.84615385
2022,4,20,23.8
2022,4,21,11.5
2022,4,22,7.208333333
2022,4,23,5
2022,4,24,11.11764706
2022,4,25,27
2022,4,26,28.125
2022,4,27,21.2
2022,4,28,18.36363636
2022,4,29,10.2
2022,5,4,5.75
2022,5,5,4.5
2022,5,6,5
2022,5,10,20.88888889
2022,5,11,29.88461538
2022,5,12,45.33333333
2022,5,13,41.25925926
2022,5,14,22.97222222
2022,5,15,21.53846154
2022,5,16,11.09090909
2022,5,17,33.77777778
2022,5,18,34.66666667
2022,5,19,28.1
2022,5,20,17.10526316
2022,5,21,5
2022,5,22,10.64583333
2022,5,23,15.16666667
2022,5,24,14.6875
2022,5,25,12.26530612
2022,5,26,9.131578947
2022,5,27,6.090909091
2022,6,8,4.25
2022,6,9,11.71428571
2022,6,10,20.13888889
2022,6,11,40.5
2022,6,12,47.07692308
2022,6,13,40.73913043
2022,6,14,17.23809524
2022,6,15,9.454545455
2022,6,17,23
2022,6,18,7.857142857
2022,6,19,7.457142857
2022,6,20,10.41666667
2022,6,21,10.5
2022,6,22,13.66666667
2022,6,23,13.66666667
2022,6,24,13.66666667
2022,6,25,13.66666667
2022,6,26,13.66666667
2022,6,27,13.66666667
2022,6,28,5.25
2022,6,29,6.117647059
2022,7,1,21.68
2022,7,2,31.62962963
2022,7,3,38.61538462
2022,7,4,42.48
2022,7,5,24.66666667
2022,7,6,6.725
2022,7,7,7.4
2022,7,8,11.31111111
2022,7,9,17.17073171
2022,7,10,33.15789474
2022,7,11,19.23529412
2022,7,12,10.25
2022,7,13,18.30769231
2022,7,14,27.2
2022,7,15,6.846153846
2022,7,16,15.76086957
2022,7,17,24.08333333
2022,7,18,30.48888889
2022,7,19,33.38636364
2022,7,20,31.5
2022,7,21,24.10416667
2022,7,22,17.58333333
2022,7,23,8.379310345
2022,7,25,6.454545455
2022,7,26,6.295454545
2022,7,27,7.307692308
2022,7,28,9.975609756
2022,7,29,15.38888889
2022,7,30,35.03030303
2022,8,1,17.97368421
2022,8,2,8.904761905
2022,8,3,10.13095238
2022,8,4,11.33333333
2022,8,6,25.3125
2022,8,7,21.63829787
2022,8,8,17.06779661
2022,8,9,13.7761194
2022,8,10,7.571428571
2022,8,11,10.5
2022,8,12,16.72727273
2022,8,13,18.15909091
2022,8,14,12.52631579
2022,8,15,18.93333333
2022,8,16,18.96825397
2022,8,17,18.9245283
2022,8,18,17.325
2022,8,19,10.78571429
2022,8,20,9.580645161
2022,8,21,6.210526316
2022,8,22,6.722222222
2022,8,23,13.11627907
2022,8,24,19.58333333
2022,8,25,38.95652174
2022,8,26,51.08333333
2022,8,27,52.71428571
2022,8,28,25
2022,8,29,22.31428571
2022,8,30,24
2022,9,1,30.72727273
2022,9,2,35.54545455
2022,9,3,45
2022,9,4,29.57575758
2022,9,5,23.83333333
2022,9,6,13.32
2022,9,7,9.964285714
2022,9,8,7.7
2022,9,9,7.038461538
2022,9,10,6.136363636
2022,9,11,8.018181818
2022,9,12,12.82352941
2022,9,13,18.96
2022,9,14,17.75675676
2022,9,15,15.375
2022,9,16,17.23076923
2022,9,17,12.6
2022,9,18,29.25925926
2022,9,19,41.69565217
2022,9,20,22.13043478
2022,9,21,22.17777778
2022,9,22,25.38297872
2022,9,23,34.15384615
2022,9,24,24.325
2022,9,25,18.62295082
2022,9,26,15.875
2022,9,27,24.93877551
2022,9,28,27.39583333
2022,9,29,23.30508475
2022,10,1,14.79220779
2022,10,2,9.984126984
2022,10,3,7
2022,10,4,7.195652174
2022,10,5,7.833333333
2022,10,6,8.375
2022,10,7,7.075
2022,10,8,6.375
2022,10,9,4.333333333
2022,10,10,4.448275862
2022,10,11,5.03030303
2022,10,12,4.75
2022,10,13,4.2
2022,10,14,7.333333333
2022,10,15,10.0952381
2022,10,16,10
2022,10,17,15.27777778
2022,10,18,29.79166667
2022,10,19,43
2022,10,20,39.25
2022,10,21,28.29268293
2022,10,22,22.40816327
2022,10,23,16.28169014
2022,10,24,15.54166667
2022,10,25,14.96774194
2022,10,26,15.61111111
2022,10,27,18.0862069
2022,10,28,20.18518519
2022,10,29,18.71641791
2022,10,30,15.52112676
2022,11,1,14.53448276
2022,11,2,19.67857143
2022,11,3,25.83333333
2022,11,4,12.69090909
2022,11,5,9.717948718
2022,11,6,8.791666667
2022,11,7,7.142857143
2022,11,8,6.5
2022,11,9,8
2022,11,12,10
2022,11,13,10
2022,11,14,10
2022,11,15,22.83333333
2022,11,16,44.04347826
2022,11,17,39.53846154
2022,11,18,37.26086957
2022,11,19,38.875
2022,11,20,29.66666667
2022,11,21,22.43478261
2022,11,22,6.333333333
2022,11,23,6.361702128
2022,11,24,5.081081081
2022,11,25,10.08
2022,11,26,17.28571429
2022,11,27,12.35820896
2022,11,28,11.88888889
2022,11,29,23
2022,12,1,26.65909091
2022,12,2,23.51724138
2022,12,3,47.25
2022,12,4,56.62962963
2022,12,5,39.625
2022,12,6,35.81578947
2022,12,7,35.75
2022,12,8,14.46153846
2022,12,9,11.17647059
2022,12,10,20.5
2022,12,11,7.92
2022,12,12,13.125
2022,12,13,16.43478261
2022,12,14,14.06521739
2022,12,15,19.04166667
2022,12,16,17.5
2022,12,17,17.40816327
2022,12,18,11.09090909
2022,12,19,8.966101695
2022,12,20,7.910714286
2022,12,21,8.170212766
2022,12,22,8.425
2022,12,23,6.8
2022,12,24,11.06896552
2022,12,25,17.74193548
2022,12,26,24.34375
2022,12,27,35.29166667
2022,12,28,29.96
2022,12,29,29
2022,12,30,29
2023,1,1,29
2023,1,2,29
2023,1,3,20.29166667
2023,1,4,4.454545455
2023,1,6,6.454545455
2023,1,7,7.47826087
2023,1,8,8.083333333
2023,1,9,5.2
2023,1,13,4.818181818
2023,1,14,5.2
2023,1,15,5.733333333
2023,1,16,15
2023,1,17,10.66666667
2023,1,18,6.166666667
2023,1,19,6.166666667
2023,1,20,16.41666667
2023,1,21,14.34285714
2023,1,22,12.58333333
2023,1,23,11.91666667
2023,1,24,12.42857143
2023,1,25,7.848484848
2023,1,26,11.26086957
2023,1,27,21.7826087
2023,1,28,8.133333333
2023,1,29,8.5
2023,1,30,8.333333333
2023,2,2,4.6
2023,2,3,6
2023,2,4,9
2023,2,5,6.266666667
2023,2,6,4
2023,2,10,4.428571429
2023,2,11,4.5
2023,2,15,4.6
2023,2,16,7.976744186
2023,2,17,12.24444444
2023,2,18,15.70212766
2023,2,19,15.1875
2023,2,20,15.17391304
2023,2,21,23.56097561
2023,2,22,23.82978723
2023,2,23,24.58333333
2023,2,24,25.25
2023,2,25,19.65217391
2023,2,26,16.42105263
2023,2,27,16
2023,3,1,43.42857143
2023,3,2,43.57894737
2023,3,3,45.09090909
2023,3,4,13
2023,3,9,4
2023,3,10,7.2
2023,3,11,7.666666667
2023,3,12,4.5
2023,3,13,5.538461538
2023,3,14,6.12
2023,3,15,6.578947368
2023,3,16,7.208333333
2023,3,17,13.31707317
2023,3,18,32.18181818
2023,3,19,52.13793103
2023,3,20,46.06818182
2023,3,21,36.80392157
2023,3,22,29.01515152
2023,3,23,65.5
2023,3,24,52.20833333
2023,3,25,26.88888889
2023,3,26,21.18181818
2023,3,27,19.3
2023,3,28,16.25
2023,3,29,16.5
2023,3,30,8.238095238
2023,4,1,4.4
2023,4,2,4.5
2023,4,4,4.857142857
2023,4,5,11.16666667
2023,4,6,19.13636364
2023,4,7,23.04166667
2023,4,8,23.41666667
2023,4,9,20.76190476
2023,4,10,12.5
2023,4,11,8.333333333
2023,4,12,9.304347826
2023,4,13,5.173913043
2023,4,14,5
2023,4,15,9.555555556
2023,4,16,7.363636364
2023,4,17,11
2023,4,18,17.79166667
2023,4,19,16.81081081
2023,4,20,24.26923077
2023,4,21,19.15384615
2023,4,22,18.80392157
2023,4,23,24.30434783
2023,4,24,25.5
2023,4,25,23.73170732
2023,4,26,19.7037037
2023,4,27,18.80392157
2023,4,28,16.15384615
2023,4,29,9.409836066
2023,5,1,13.34615385
2023,5,2,20.85
2023,5,3,19.73214286
2023,5,4,23.22916667
2023,5,5,22.1875
2023,5,6,11.82894737
2023,5,7,9.256410256
2023,5,8,4.818181818
2023,5,9,4.580645161
2023,5,10,4
2023,5,11,4.75
2023,5,15,4
2023,5,16,5.5
2023,5,17,8.56097561
2023,5,18,15.29166667
2023,5,19,21.27083333
2023,5,20,23.70833333
2023,5,21,26.36956522
2023,5,22,47.75
2023,5,23,36.54166667
2023,5,24,17.76666667
2023,5,25,7.073170732
2023,5,26,7.243902439
2023,5,27,8.551020408
2023,5,28,15.7027027
2023,5,29,16.67346939
2023,5,30,22.5
2023,6,1,23.1875
2023,6,2,20.43478261
2023,6,3,21.96296296
2023,6,4,13.73684211
2023,6,5,8.186440678
2023,6,6,12.48979592
2023,6,7,13.0754717
2023,6,8,15.30612245
2023,6,9,12.42105263
2023,6,10,10.23214286
2023,6,11,9.717391304
2023,6,12,9.847826087
2023,6,13,11.88888889
2023,6,14,9
2023,6,15,12.38235294
2023,6,16,10.36170213
2023,6,17,9.654545455
2023,6,18,16.17307692
2023,6,19,11.06666667
2023,6,20,5.5625
2023,6,22,4.823529412
2023,6,23,5
2023,6,24,4.956521739
2023,6,25,6.88
2023,6,26,7.727272727
2023,6,27,6.043478261
2023,6,28,4.631578947
2023,6,29,4.625
2023,7,1,5.066666667
2023,7,2,7.933333333
2023,7,3,10.5
2023,7,4,15.65079365
2023,7,5,19.77777778
2023,7,6,12.675
2023,7,7,10.97183099
2023,7,8,8.565217391
2023,7,9,10.56521739
2023,7,10,6
2023,7,11,6.636363636
2023,7,12,12
2023,7,14,7
2023,7,17,4
2023,7,18,4.956521739
2023,7,19,4.473684211
2023,7,20,4
2023,7,23,5.428571429
2023,7,24,5
2023,7,26,5
2023,7,27,4
2023,7,29,7.5
2023,7,30,5.8
2023,8,1,4
2023,8,2,9.8
2023,8,3,6.05
2023,8,4,8.136363636
2023,8,5,9.409090909
2023,8,6,7.944444444
2023,8,7,6.8
2023,8,8,4.5
2023,8,9,6.117647059
2023,8,10,9.384615385
2023,8,11,16.36363636
2023,8,12,18.79166667
2023,8,13,20.52173913
2023,8,14,17.54166667
2023,8,15,10.47826087
2023,8,16,5.684210526
2023,8,22,4
2023,8,23,7
2023,8,27,5
2023,8,28,5.6
2023,8,29,5
2023,8,30,6.416666667
2023,9,1,11.06896552
2023,9,2,10.63934426
2023,9,3,7.027027027
2023,9,4,7.162790698
2023,9,5,5.756756757
2023,9,6,7.5
2023,9,7,8
2023,9,8,8.891891892
2023,9,9,7.773584906
2023,9,10,5.557377049
2023,9,11,5.586666667
2023,9,12,4.973684211
2023,9,13,4
2023,9,14,4.769230769
2023,9,15,4
2023,9,16,7.564102564
2023,9,17,5
2023,9,18,7.520833333
2023,9,19,10.31914894
2023,9,20,9.3125
2023,9,21,8.347826087
2023,9,22,15.25
2023,9,23,16.95833333
2023,9,24,12.16666667
2023,9,25,5.785714286
2023,9,26,5.875
2023,9,27,8.583333333
2023,9,28,11.16666667
2023,9,29,12.04166667
2023,10,1,7.782608696
2023,10,2,5.428571429
2023,10,4,27
2023,10,5,16.33333333
2023,10,6,6.75
2023,10,7,16.17647059
2023,10,8,19.24324324
2023,10,9,16.97826087
2023,10,10,25.47826087
2023,10,11,11.76923077
2023,10,12,6.6
2023,10,16,4.25
2023,10,17,5
2023,10,18,6.75
2023,10,19,6.666666667
2023,10,20,8.25
2023,10,21,7.043478261
2023,10,22,5.75
2023,10,23,6.857142857
2023,10,24,13.65306122
2023,10,25,30.14814815
2023,10,26,33.80555556
2023,10,27,45.64285714
2023,10,28,38.28571429
2023,10,29,29.83333333
2023,10,30,11.52173913
2023,11,1,22.75
2023,11,2,42.625
2023,11,3,50
2023,11,4,54.96
2023,11,5,62.2173913
2023,11,6,47.46428571
2023,11,7,40.52
2023,11,8,14.66666667
2023,11,9,5.707317073
2023,11,10,6.652173913
2023,11,11,6.952380952
2023,11,12,5.833333333
2023,11,14,4.1
2023,11,15,4.304347826
2023,11,16,5.564516129
2023,11,17,7.736842105
2023,11,18,10.625
2023,11,19,9.185185185
2023,11,20,7.3125
2023,11,21,8.472222222
2023,11,22,12.13043478
2023,11,23,11.76190476
2023,11,24,10
2023,11,25,7.064516129
2023,11,26,5.181818182
2023,11,27,9.333333333
2023,11,28,27.48148148
2023,11,29,45.875
2023,12,1,44.43243243
2023,12,2,40.58974359
2023,12,3,49.75
2023,12,4,39.18518519
2023,12,5,24.20833333
2023,12,6,9
2023,12,7,4
2023,12,8,5.214285714
2023,12,9,7.72
2023,12,10,15.96153846
2023,12,11,14.24444444
2023,12,12,12.13333333
2023,12,13,10.71428571
2023,12,14,21.875
2023,12,15,15.97058824
2023,12,16,17.16666667
2023,12,17,17.25
2023,12,18,14.19607843
2023,12,19,9.830769231
2023,12,20,7.85106383
2023,12,21,7.088888889
2023,12,22,6.117647059
2023,12,23,6.625
2023,12,24,6.7
2023,12,25,14.31818182
2023,12,26,23.60869565
2023,12,27,32.15384615
2023,12,28,23.30769231
2023,12,29,27.31578947
2023,12,30,34.08
2024,1,1,16.25
2024,1,2,7.36
2024,1,3,12.08695652
2024,1,4,16.47619048
2024,1,5,19.43478261
2024,1,6,12.875
2024,1,7,9.176470588
2024,1,8,5
2024,1,9,5
2024,1,11,5.444444444
2024,1,12,6.833333333
2024,1,13,8.125
2024,1,14,8.416666667
2024,1,15,8.1
2024,1,16,6.285714286
2024,1,21,5.25
2024,1,22,7.807692308
2024,1,23,11.35555556
2024,1,24,16.76086957
2024,1,25,20.10869565
2024,1,26,21.72727273
2024,1,27,18.06521739
2024,1,28,13.17391304
2024,1,29,8.137931034
2024,1,30,9.9375
2024,2,1,21.56521739
2024,2,2,25.68181818
2024,2,3,16.25
2024,2,4,11.47058824
2024,2,5,16
2024,2,6,5
2024,2,7,4.25
2024,2,8,4.5
2024,2,10,23
2024,2,11,12.09090909
2024,2,12,6.428571429
2024,2,13,5.25
2024,2,14,4.75
2024,2,15,5
2024,2,16,8
2024,2,19,5.222222222
2024,2,20,8.068965517
2024,2,21,10.075
2024,2,22,13.725
2024,2,23,14.6875
2024,2,24,12
2024,2,25,14.45454545
2024,2,26,7.916666667
2024,2,27,4.6
2024,2,28,8
2024,3,1,6
2024,3,2,14.875
2024,3,3,18.75
2024,3,4,9.166666667
2024,3,5,5.714285714
2024,3,6,4.181818182
2024,3,8,4.5
2024,3,9,9.0625
2024,3,12,20
2024,3,13,12.33333333
2024,3,16,4
2024,3,17,6.9
2024,3,18,16.53846154
2024,3,19,21.95652174
2024,3,20,23.32
2024,3,21,26.91304348
2024,3,22,25.4
2024,3,23,19.79166667
2024,3,24,7
2024,3,25,5.8
2024,3,26,6.714285714
2024,3,27,6.571428571
2024,3,28,7.913043478
2024,3,29,6.65625
2024,3,30,6.931034483
2024,4,1,8.256097561
2024,4,2,8.085106383
2024,4,3,7.074074074
2024,4,4,4.75
2024,4,5,13.33333333
2024,4,6,17
2024,4,11,4.166666667
2024,4,12,5
2024,4,14,4.25
2024,4,15,7.458333333
2024,4,16,8.111111111
2024,4,17,7.230769231
2024,4,18,5.25
2024,4,19,4.5
2024,4,20,6
2024,4,21,7.84375
2024,4,22,10.35294118
2024,4,23,9.5
2024,4,24,7.782608696
2024,4,25,8.09375
2024,4,26,12.7804878
2024,4,27,10.69090909
2024,4,28,9.764705882
2024,4,29,10.26923077
2024,5,1,6.769230769
2024,5,2,8.081632653
2024,5,3,6.823529412
2024,5,4,6.108108108
2024,5,5,6.631578947
2024,5,6,9.583333333
2024,5,7,9.255319149
2024,5,8,9.875
2024,5,9,10.26415094
2024,5,10,12.4
2024,5,11,8.447368421
2024,5,12,6.742857143
2024,5,13,4
2024,5,18,17.83333333
2024,5,19,21.80645161
2024,5,20,21.02222222
2024,5,21,24.28888889
2024,5,22,21.25
2024,5,23,20.58333333
2024,5,24,20.80555556
2024,5,25,13.625
2024,5,26,8.36
2024,5,27,7
2024,5,28,6
2024,6,1,18
2024,6,2,9.333333333
2024,6,4,4.5
2024,6,5,4.789473684
2024,6,6,9.538461538
2024,6,7,16.58823529
2024,6,8,17.28571429
2024,6,9,7.714285714
2024,6,10,9
2024,6,11,4.928571429
2024,6,12,5.173913043
2024,6,13,10.125
2024,6,14,9.617021277
2024,6,15,12.13043478
2024,6,16,14.125
2024,6,17,46.8
2024,6,18,36.15625
2024,6,19,39.63636364
2024,6,20,25.13793103
2024,6,21,20.15384615
2024,6,22,12.58333333
2024,6,23,8.1
2024,7,1,5.875
2024,7,2,6.84
2024,7,3,5.166666667
2024,7,4,5.7
2024,7,5,6.444444444
2024,7,6,4
2024,7,7,6.857142857
2024,7,8,11.2173913
2024,7,9,15.58333333
2024,7,10,16.25
2024,7,11,12.27272727
2024,7,12,8.289473684
2024,7,13,17.85294118
2024,7,14,41.07692308
2024,7,15,53.04347826
2024,7,16,54.375
2024,7,17,51.78947368
2024,7,18,37.23076923
2024,7,19,18.96153846
2024,7,20,6.684210526
2024,7,21,10
2024,7,24,8.25
2024,7,25,5.666666667
2024,7,28,6
2024,7,29,5.6875
2024,7,30,5.586206897
2024,8,1,13.25
2024,8,2,5.25
2024,8,3,7.052631579
2024,8,4,6.606060606
2024,8,5,4.571428571
2024,8,6,4.076923077
2024,8,7,4
2024,8,9,5.875
2024,8,10,14.52173913
2024,8,11,26.39130435
2024,8,12,32.91666667
2024,8,13,22.82222222
2024,8,14,25.04878049
2024,8,15,24.9047619
2024,8,16,21.01923077
2024,8,17,14.71428571
2024,8,18,12.74647887
2024,8,19,14.57142857
2024,8,20,6
2024,8,21,4
2024,8,25,7.545454545
2024,8,26,13.1875
2024,8,27,23
2024,8,28,21
2024,8,29,7
2024,8,30,6.461538462
2024,9,1,4.958333333
2024,9,2,7.166666667
2024,9,3,7.185185185
2024,9,4,9.727272727
2024,9,5,8.291666667
2024,9,6,6.75
2024,9,7,5.714285714
2024,9,8,11.68965517
2024,9,9,21.6
2024,9,10,19.56818182
2024,9,11,25.7826087
2024,9,12,27.88636364
2024,9,13,25.79166667
2024,9,14,20.76190476
2024,9,15,10.15384615
2024,9,16,6.75
2024,9,17,5.25
2024,9,19,5.666666667
2024,9,20,6.565217391
2024,9,21,7.531914894
2024,9,22,8.805970149
2024,9,23,9.716216216
2024,9,24,12.11111111
2024,9,25,13.93877551
2024,9,26,11.5862069
2024,9,27,13.60869565
2024,9,28,11.25
2024,10,3,5.333333333
2024,10,4,9.714285714
2024,10,5,14.5
2024,10,6,19.7826087
2024,10,7,17.66666667
2024,10,8,17.70833333
2024,10,9,23.66666667
2024,10,10,19.56666667
2024,10,11,18.33928571
2024,10,12,12.8625
2024,10,13,10.3220339
2024,10,14,15.31034483
2024,10,15,28.07407407
2024,10,16,30.11111111
2024,10,17,15.73529412
2024,10,18,11.625
2024,10,19,6.891891892
2024,10,20,4.875
2024,10,21,7.317073171
2024,10,22,11.60714286
2024,10,23,14.32653061
2024,10,24,12.68085106
2024,10,25,7
2024,10,26,6.9
2024,10,27,4.285714286
2024,10,28,7.304347826
2024,10,29,11.04166667
2024,10,30,13.93333333
2024,11,1,12.86956522
2024,11,2,8.847457627
2024,11,3,7.74137931
2024,11,4,21.61290323
2024,11,5,23.77419355
2024,11,6,20.48979592
2024,11,7,28.13043478
2024,11,8,30.44444444
2024,11,9,31.51351351
2024,11,10,21.53191489
2024,11,11,22.36842105
2024,11,12,18.56060606
2024,11,13,19.28301887
2024,11,14,19.35849057
2024,11,15,18.13043478
2024,11,16,15.75
2024,11,17,6.87037037
2024,11,18,7.148148148
2024,11,19,10.72727273
2024,11,20,10.04761905
2024,11,21,7.473684211
2024,11,22,13.44444444
2024,11,23,8.5
2024,11,25,4
2024,11,26,6.8
2025,1,15,42.63636364
2025,1,16,47.4
2025,1,17,35.56521739
2025,1,18,24.86956522
2025,1,19,17.86956522
2025,1,20,11.30434783
2025,1,21,5.909090909
2025,1,24,8.5
2025,1,25,22.68421053
2025,1,26,25.17777778
2025,1,27,27.4516129
2025,1,28,29.39622642
2025,1,29,45.83333333
2025,1,30,46.16071429
2025,2,1,41.54347826
2025,2,2,23.39130435
2025,2,3,8.338709677
2025,2,4,26.39130435
2025,2,5,39.91304348
2025,2,6,38.53125
2025,2,7,37.44117647
2025,2,8,28.72222222
2025,2,9,35.25531915
2025,2,10,34.82
2025,2,11,30.01785714
2025,2,12,61.3125
2025,2,13,58.125
2025,2,14,28.2
2025,2,15,14.825
2025,2,16,9.304347826
2025,2,17,6.484375
2025,2,18,5.153846154
2025,2,21,16.5
2025,2,22,22.47916667
2025,2,23,27.21052632
2025,2,24,32.08888889
2025,2,25,48.75
2025,2,26,57.27083333
2025,2,27,48.86792453
2025,3,1,14.13461538
2025,3,2,9.473684211
2025,3,3,22.53571429
2025,3,4,31.65625
2025,3,5,45.09090909
2025,3,6,31.4516129
2025,3,7,28.72916667
2025,3,8,27.33333333
2025,3,9,24.24489796
2025,3,10,14.015625
2025,3,11,10.8358209
2025,3,12,14.72
2025,3,13,14.73214286
2025,3,14,14.64705882
2025,3,15,17.48837209
2025,3,16,10.69387755
2025,3,17,6.647058824
2025,3,18,7.911764706
2025,3,19,10.5
2025,3,20,13
2025,3,21,24.97058824
2025,3,22,45.81538462
2025,3,23,51.2
2025,3,24,74.42857143
2025,3,25,89.5106383
2025,3,26,79.88
2025,3,27,64.20454545
2025,3,28,48.6097561
2025,3,29,36.25
2025,3,30,23.03174603
2025,4,1,12.69387755
2025,4,2,12.86956522
2025,4,3,8.275862069
2025,4,4,9.35483871
2025,4,5,16.41666667
2025,4,6,11.34545455
2025,4,7,23.17647059
2025,4,8,19.56666667
2025,4,9,25.36842105
2025,4,10,14.02941176
2025,4,11,11.25
2025,4,12,8.173913043
2025,4,13,9.372093023
2025,4,14,13.85416667
2025,4,15,21.62857143
2025,4,16,51.19047619
2025,4,17,52.58823529
2025,4,18,76.16129032
2025,4,19,80.35897436
2025,4,20,67.81132075
2025,4,21,61.26829268
2025,4,22,64.75471698
2025,4,23,50.94202899
2025,4,24,64.77358491
2025,4,25,57.10416667
2025,4,26,42
2025,4,27,33.925
2025,4,28,18.74358974
2025,4,29,7.482142857
2025,5,1,6.208333333
2025,5,2,6.666666667
2025,5,3,11.8627451
2025,5,4,19.75
2025,5,5,31.55555556
2025,5,6,39.57142857
2025,5,7,37.27027027
2025,5,8,16.32954545
2025,5,9,18.37096774
2025,5,10,18.10416667
2025,5,11,12.07843137
2025,5,12,14.02857143
2025,5,13,37
2025,5,14,57.09090909
2025,5,15,73.26923077
2025,5,16,74.72413793
2025,5,17,58.52777778
2025,5,18,64.29166667
2025,5,19,125.5
2025,5,20,121.9259259
2025,5,21,83.30952381
2025,5,22,64.24137931
2025,5,23,41.51948052
2025,5,24,35.64516129
2025,5,25,28.2826087
2025,5,26,27.75949367
2025,5,27,41.38461538
2025,5,28,57.33333333
2025,5,29,56.5
2025,5,30,35.57142857
2025,6,1,49.84313725
2025,6,2,30.64864865
2025,6,3,28.32608696
2025,6,4,30.82352941
2025,6,5,29.08695652
2025,6,6,28.275
2025,6,7,26.31578947
2025,6,8,6.744186047
2025,6,9,11.55932203
2025,6,10,22.28888889
2025,6,11,55.86363636
2025,6,12,51.33333333
2025,6,13,65.77777778
2025,6,14,64.2
2025,6,15,62.2
2025,6,16,68.94871795
2025,6,17,76.35
2025,6,18,61.40625
2025,6,19,41.58536585
2025,6,20,37.8630137
2025,6,21,49.61538462
2025,6,22,54.4047619
2025,6,23,40.97674419
2025,6,24,38.63043478
2025,6,25,19.56060606
2025,6,26,16.125
2025,6,27,20.63888889
2025,6,28,22.59574468
2025,6,29,43
2025,7,1,42.62068966
2025,7,2,54.47058824
2025,7,3,24.5
2025,7,4,18.29787234
2025,7,5,15.56410256
2025,7,6,13.1884058
2025,7,7,16.20588235
2025,7,8,18.64615385
2025,7,9,40.96551724
2025,7,10,49.65789474
2025,7,11,58.84782609
2025,7,12,56.30434783
2025,7,13,59.66037736
2025,7,14,69.6
2025,7,15,121.8095238
2025,7,16,53.86538462
2025,7,17,38.02898551
2025,7,18,41.32653061
2025,7,19,38.71052632
2025,7,20,34.72972973
2025,7,21,28.24324324
2025,7,22,19.1
2025,7,23,15.625
2025,7,24,8.076923077
2025,7,25,19.63636364
2025,7,26,33.33333333
2025,7,27,29.94736842
2025,7,28,31.33333333
2025,7,29,33.88461538
2025,7,30,16.02857143
2025,8,1,7.5
2025,8,2,5.875
2025,8,3,13.45833333
2025,8,4,28.80952381
2025,8,5,32.24137931
2025,8,6,33.55102041
2025,8,7,33.46376812
2025,8,8,37.60869565
2025,8,9,48.35714286
2025,8,10,52.26923077
2025,8,11,52.06521739
2025,8,12,38.3902439
2025,8,13,38.62222222
2025,8,14,32.41509434
2025,8,15,29.36956522
2025,8,16,34.51111111
2025,8,17,26.62790698
2025,8,18,36.45833333
2025,8,19,16.17391304
2025,8,20,13.41463415
2025,8,21,17.96969697
2025,8,22,31.47826087
2025,8,23,22.8
2025,8,24,18.4516129
2025,8,25,37.43478261
2025,8,26,17.02631579
2025,8,27,8.172413793
2025,8,28,8.692307692
2025,8,29,13.42857143
2025,8,30,10.60606061
2025,9,1,18.46511628
2025,9,2,28.6744186
2025,9,3,29.078125
2025,9,4,38.96363636
2025,9,5,44.47916667
2025,9,6,44.9375
2025,9,7,45.57142857
2025,9,8,49.51515152
2025,9,9,47.58139535
2025,9,10,45.07017544
2025,9,11,31.96363636
2025,9,12,40.890625
2025,9,13,40.25806452
2025,12,17,16.38
2025,12,18,16.9537037
2025,12,19,58.05714286
2025,12,20,54.44230769
2025,12,21,48.25714286
2025,12,22,84.42857143
2025,12,23,87.79487179
2025,12,24,64.91836735
2025,12,25,40.32727273
2025,12,26,41.90769231
2025,12,27,39.51428571
2025,12,28,32.18055556
2025,12,29,25.87878788
2025,12,30,19.34375